"occurrenceStatus";"geometry";"pred"
1;c(17.91213, 59.73876);0,295
1;c(16.41501, 60.5477);0,685
1;c(16.43164, 60.54191);0,786
1;c(17.08571, 60.48762);0,241
1;c(17.09114, 60.5054);0,268
1;c(11.67849, 57.69803);1
1;c(16.86276, 58.94791);0,3
1;c(16.8503, 58.9449);0,3
1;c(14.27946, 63.67788);0,625
1;c(12.22811, 65.465335);0,98
1;c(12.227392, 65.458854);0,98
1;c(16.584382, 68.580166);1
1;c(12.210872, 65.462932);0,98
1;c(11.117164, 62.39875);0,919
1;c(11.031851, 62.564703);0,891
1;c(18.70071, 60.1194);0,301
1;c(14.4594, 67.22846);1
1;c(14.37609, 67.137553);1
1;c(13.386578, 66.837446);1
1;c(14.01002, 63.38388);0,702
1;c(13.99928, 63.38438);0,626
1;c(14.714674, 67.273466);1
1;c(14.763057, 67.026466);1
1;c(11.734, 62.8625);0,971
1;c(11.7434, 59.2986);0,686
1;c(12.1192, 63.9495);0,967
1;c(14.57359, 57.75081);0,324
1;c(14.54523, 57.62827);0,349
1;c(14.57834, 57.6775);0,345
1;c(14.56514, 57.66666);0,349
1;c(14.65408, 57.68313);0,19
1;c(14.53192, 57.66486);0,382
1;c(14.8538, 57.87297);0,491
1;c(14.59902, 57.87028);0,356
1;c(14.34949, 57.61545);0,463
1;c(15.01777, 57.72694);0,114
1;c(13.92743, 57.90932);0,258
1;c(15.25885, 60.97453);0,768
1;c(13.93683, 63.39143);0,449
1;c(13.80899, 63.5709);0,716
1;c(14.86598, 63.27253);0,628
1;c(14.81122, 63.1296);0,741
1;c(14.35269, 63.02004);0,514
1;c(13.81462, 63.50185);0,592
1;c(14.1671, 63.4614);0,541
1;c(12.93046, 63.1287);0,865
1;c(14.75725, 63.14125);0,492
1;c(13.85949, 63.49135);0,46
1;c(14.17374, 63.70763);0,52
1;c(14.84881, 59.9605);0,6
1;c(14.84129, 59.95777);0,182
1;c(16.5456, 68.9944);1
1;c(14.08672, 57.5869);0,541
1;c(13.92549, 63.49008);0,521
1;c(15.132414, 66.947736);0,997
1;c(12.486528, 65.795305);1
1;c(12.674699, 66.039196);1
1;c(12.922069, 66.013343);1
1;c(12.66175, 66.0333);1
1;c(12.769427, 65.971974);0,999
1;c(11.900876, 63.112718);0,987
1;c(11.63581, 62.97325);0,966
1;c(11.646292, 62.980256);0,966
1;c(11.754974, 62.968551);0,962
1;c(11.841276, 62.936662);0,967
1;c(11.668767, 62.987279);0,986
1;c(15.07994, 62.95346);0,728
1;c(16.37718, 57.59288);0,219
1;c(16.0125, 62.23862);0,404
1;c(16.64673, 60.01445);0,38
1;c(15.67002, 59.7214);0,721
1;c(16.48847, 62.66309);0,518
1;c(15.22291, 58.06638);0,348
1;c(18.2598, 62.84256);1
1;c(14.37601, 59.05267);0,148
1;c(11.91012, 57.84503);0,161
1;c(15.08865, 63.32008);0,528
1;c(15.44149, 58.07017);0,115
1;c(15.13703, 58.92929);0,235
1;c(15.74668, 57.13714);0,15
1;c(15.24213, 58.09221);0,367
1;c(15.60211, 57.97946);0,279
1;c(15.94507, 58.07882);0,171
1;c(16.25236, 59.05032);0,294
1;c(14.39475, 63.26555);0,254
1;c(16.66554, 59.34472);0,369
1;c(14.61619, 63.01591);0,413
1;c(16.03358, 57.59938);0,192
1;c(15.68495, 57.82759);0,208
1;c(16.22961, 56.90655);0,144
1;c(18.40623, 62.87459);0,324
1;c(15.47275, 57.79646);0,069
1;c(15.02677, 57.51362);0,256
1;c(14.15404, 59.81984);0,632
1;c(14.37006, 59.7833);0,712
1;c(16.48364, 59.91264);0,502
1;c(13.8748, 57.56403);0,271
1;c(16.00417, 59.71853);0,541
1;c(11.25643, 58.55245);0,372
1;c(11.16746, 58.80542);0,847
1;c(11.19123, 58.7493);0,784
1;c(11.26633, 58.56763);0,372
1;c(11.55861, 58.04181);0,315
1;c(14.71785, 63.67686);0,615
1;c(14.02446, 63.38165);0,702
1;c(18.76418, 60.05456);0,321
1;c(13.98287, 63.39659);0,626
1;c(15.69517, 57.40657);0,161
1;c(11.96975, 58.03617);0,102
1;c(16.07486, 59.80197);0,599
1;c(12.51637, 59.94922);0,838
1;c(12.63796, 59.89222);0,857
1;c(12.50646, 59.99479);0,911
1;c(12.61106, 59.82147);0,779
1;c(15.45311, 58.08596);0,141
1;c(12.58026, 58.91214);0,316
1;c(13.44313, 57.87151);0,168
1;c(18.75151, 59.26005);0,182
1;c(14.64886, 57.57484);0,406
1;c(13.62886, 58.19205);0,281
1;c(15.33653, 57.39288);0,319
1;c(12.70357, 60.0157);0,632
1;c(13.61969, 63.26518);0,567
1;c(14.699169, 67.257531);1
1;c(14.721663, 67.26116);1
1;c(11.135337, 64.836377);1
1;c(12.992555, 67.884118);1
1;c(11.974336, 65.802514);1
1;c(12.032807, 65.770183);1
1;c(13.226129, 66.674005);0,998
1;c(15.421405, 68.001093);1
1;c(14.766057, 67.26298);0,996
1;c(14.722265, 67.152846);1
1;c(15.628728, 68.174988);1
1;c(14.633502, 67.395431);0,967
1;c(11.634009, 62.855662);0,963
1;c(14.887653, 67.720946);0,995
1;c(11.491896, 59.816317);0,612
1;c(14.635389, 67.413993);0,967
1;c(12.982444, 66.578315);1
1;c(15.05624, 67.271745);1
1;c(12.61769, 62.53365);0,442
1;c(13.001218, 66.569276);1
1;c(14.505043, 67.035293);1
1;c(14.387624, 66.863989);1
1;c(15.57898, 58.57328);0,216
1;c(12.115, 65.4345);0,998
1;c(11.417, 64.1448);1
1;c(14.50925, 57.64794);0,382
1;c(14.39893, 57.6274);0,486
1;c(14.55952, 57.74784);0,248
1;c(14.34769, 57.92254);0,255
1;c(14.52992, 57.71944);0,277
1;c(15.56266, 57.60141);0,309
1;c(15.12832, 57.67437);0,127
1;c(14.9721, 57.91799);0,238
1;c(11.086943, 62.553943);0,984
1;c(11.032197, 62.521374);0,959
1;c(11.086182, 62.544472);0,984
1;c(11.105433, 62.609383);0,943
1;c(11.131698, 62.51577);0,967
1;c(14.81175, 57.86029);0,135
1;c(11.05, 62.5655);0,949
1;c(17.07, 60.48);0,274
1;c(14.703, 63.18628);0,463
1;c(11.331932, 63.381016);0,802
1;c(11.213693, 62.543301);0,993
1;c(11.226672, 62.349857);0,964
1;c(11.097686, 62.434608);0,838
1;c(11.190196, 62.410341);1
1;c(11.20933, 62.402792);0,99
1;c(11.127744, 62.410689);0,914
1;c(11.126068, 62.415456);0,914
1;c(11.121076, 62.403194);0,919
1;c(11.188561, 62.415781);1
1;c(11.433619, 62.461621);0,996
1;c(11.394496, 62.473964);0,994
1;c(11.405197, 62.465877);0,994
1;c(11.437378, 62.405885);0,999
1;c(11.450147, 62.404358);0,999
1;c(11.305437, 62.481804);0,996
1;c(11.326674, 62.479862);0,996
1;c(11.297701, 62.485182);0,996
1;c(11.412171, 62.440037);0,977
1;c(11.417484, 62.43382);0,999
1;c(11.456867, 62.389745);0,999
1;c(11.387108, 62.453373);0,962
1;c(11.336966, 62.469516);0,999
1;c(11.271668, 62.494831);0,985
1;c(11.355909, 62.471586);0,999
1;c(11.459689, 62.394428);0,998
1;c(11.493104, 62.398055);0,998
1;c(11.784695, 65.121082);0,997
1;c(10.974694, 62.575309);0,903
1;c(14.36286, 62.47661);0,72
1;c(11.210165, 62.354763);0,964
1;c(11.227562, 62.342829);0,964
1;c(17.97258, 59.7456);0,171
1;c(18.62536, 59.9058);0,187
1;c(17.16827, 62.10799);0,505
1;c(14.66957, 63.17826);0,463
1;c(14.85352, 59.6768);0,573
1;c(12.67153, 60.30677);0,971
1;c(18.44951, 60.12298);0,506
1;c(18.53413, 60.25089);0,28
1;c(18.0475, 60.30247);0,298
1;c(18.50261, 60.26215);0,28
1;c(17.89254, 60.22802);0,561
1;c(18.25493, 60.2358);0,47
1;c(18.44106, 60.28811);0,6
1;c(17.92366, 60.1499);0,291
1;c(18.41144, 60.42475);0,255
1;c(14.88873, 58.13327);0,076
1;c(13.47164, 57.97766);0,2
1;c(16.71722, 59.35837);0,272
1;c(11.40359, 58.39525);1
1;c(15.16094, 58.09065);0,423
1;c(15.44833, 57.97058);0,119
1;c(15.15287, 58.08797);0,423
1;c(15.2246, 60.96367);0,794
1;c(16.84032, 59.0283);0,337
1;c(18.04592, 59.9981);0,24
1;c(18.47498, 60.27859);0,296
1;c(13.80347, 60.77282);0,785
1;c(13.9275, 61.21663);0,822
1;c(15.15153, 60.76859);0,81
1;c(13.95511, 61.19396);0,6
1;c(15.72414, 60.14078);0,91
1;c(13.60455, 61.55033);0,65
1;c(15.96675, 60.94533);0,695
1;c(14.98477, 60.91721);0,804
1;c(15.21788, 60.66142);0,652
1;c(14.75372, 60.17764);0,751
1;c(14.83563, 60.38119);0,295
1;c(14.84912, 60.41115);0,854
1;c(15.46695, 60.62593);0,805
1;c(15.33289, 60.67741);0,605
1;c(15.04583, 58.15501);0,209
1;c(16.34694, 63.58394);0,615
1;c(16.56475, 59.90275);0,405
1;c(12.33075, 59.61941);0,702
1;c(16.40098, 58.81282);0,184
1;c(15.81109, 58.33059);0,144
1;c(17.77125, 62.57149);0,191
1;c(13.7798, 62.96909);0,908
1;c(16.70483, 58.3832);0,508
1;c(12.38909, 57.2729);0,315
1;c(15.54659, 62.72319);0,612
1;c(17.96355, 59.69574);0,15
1;c(15.56372, 57.56817);0,298
1;c(14.40406, 62.60696);0,558
1;c(14.4368, 63.60822);0,506
1;c(15.69023, 57.30151);0,215
1;c(17.46985, 58.76041);1
1;c(16.6613, 60.42352);0,556
1;c(17.3525, 60.60549);0,96
1;c(13.282086, 65.713195);0,975
1;c(13.254606, 65.820122);0,991
1;c(13.281367, 65.704688);0,974
1;c(18.0134, 59.65177);0,138
1;c(18.05397, 60.49435);0,378
1;c(16.592521, 68.826605);1
1;c(16.578274, 68.826559);1
1;c(16.509409, 68.447429);1
1;c(16.582208, 68.833709);1
1;c(16.549528, 68.832071);1
1;c(18.1048, 60.2361);0,242
1;c(12.134766, 63.599345);0,978
1;c(13.361434, 66.834471);1
1;c(13.531638, 68.19793);1
1;c(14.435891, 67.225616);0,998
1;c(14.763677, 67.304895);0,998
1;c(11.694188, 63.754269);0,676
1;c(12.14675, 63.660098);0,918
1;c(13.378304, 66.82235);1
1;c(14.671743, 67.301883);1
1;c(13.802605, 66.890757);1
1;c(13.790882, 66.892714);1
1;c(14.70844, 67.248365);1
1;c(11.57658, 63.728264);0,808
1;c(17.71131, 59.50261);0,337
1;c(14.635748, 67.200827);1
1;c(14.637985, 67.426162);1
1;c(14.692566, 67.063123);1
1;c(14.494218, 67.291052);0,998
1;c(14.670827, 67.038412);1
1;c(14.680448, 67.057896);1
1;c(14.653148, 67.037746);0,999
1;c(14.695567, 67.044022);1
1;c(14.655313, 67.04735);0,999
1;c(14.710793, 67.019653);1
1;c(17.6967, 59.08508);1
1;c(12.46024, 59.07533);0,412
1;c(14.47048, 57.68634);0,407
1;c(14.93066, 57.78356);0,21
1;c(14.5691, 67.36644);0,996
1;c(14.53618, 67.27718);0,998
1;c(11.17306, 64.63625);1
1;c(15.07082, 60.35659);0,784
1;c(10.971842, 62.282417);0,938
1;c(16.17003, 61.13165);0,622
1;c(17.91207, 59.64038);0,187
1;c(14.81183, 63.10815);0,801
1;c(13.6058, 58.13727);0,251
1;c(13.47763, 57.98954);0,2
1;c(11.69597, 57.99418);1
1;c(17.92438, 59.66796);0,231
1;c(17.36987, 60.00391);0,222
1;c(18.23118, 60.29734);0,491
1;c(18.08863, 60.23721);0,242
1;c(17.3073, 60.03737);0,211
1;c(13.72109, 63.34925);0,759
1;c(18.74258, 59.98031);0,327
1;c(16.10639, 61.10782);0,497
1;c(15.22104, 61.68555);0,435
1;c(16.52723, 61.58095);0,633
1;c(15.79413, 62.26361);0,498
1;c(16.65769, 59.34747);0,369
1;c(16.73724, 59.33166);0,255
1;c(18.43447, 62.87796);0,279
1;c(16.11457, 63.6478);0,687
1;c(18.44681, 62.87831);0,641
1;c(16.79169, 59.09115);0,328
1;c(16.92342, 59.11563);0,494
1;c(11.90589, 57.44339);1
1;c(14.7256, 63.38779);0,887
1;c(14.58688, 63.33816);0,009
1;c(14.69139, 63.80378);0,5
1;c(14.74773, 63.29298);0,46
1;c(14.71582, 63.01573);0,643
1;c(14.85363, 63.07965);0,649
1;c(14.62567, 63.36522);0,322
1;c(14.71247, 63.80165);0,582
1;c(14.90042, 63.07479);0,703
1;c(14.36296, 62.66499);0,614
1;c(14.79355, 63.09748);0,801
1;c(14.47192, 63.22728);0,757
1;c(14.70116, 63.80555);0,5
1;c(15.32999, 57.62159);0,141
1;c(16.16473, 59.94258);0,614
1;c(15.3636, 58.28457);0,287
1;c(14.65376, 61.0766);0,751
1;c(15.18107, 60.33437);0,794
1;c(14.32062, 59.77469);0,596
1;c(16.10014, 57.39189);0,046
1;c(15.69414, 57.82261);0,208
1;c(16.13256, 59.83622);0,473
1;c(15.49468, 62.79327);0,599
1;c(18.25184, 60.2274);0,47
1;c(18.42945, 60.22882);0,535
1;c(18.43747, 59.99313);0,439
1;c(18.00056, 60.46852);0,475
1;c(18.00769, 60.5456);1
1;c(14.27659, 63.66882);0,625
1;c(15.76339, 58.63491);0,252
1;c(14.25278, 57.432);0,369
1;c(14.14259, 57.53266);0,497
1;c(14.65335, 58.03122);0,187
1;c(11.36754, 58.43291);0,383
1;c(16.59302, 62.65218);0,54
1;c(15.57258, 58.13754);0,229
1;c(15.54359, 57.96348);0,33
1;c(15.52582, 62.72746);0,612
1;c(16.42162, 58.85523);0,259
1;c(16.90611, 59.18739);0,189
1;c(13.94121, 58.03266);0,26
1;c(13.85764, 57.55968);0,271
1;c(12.81766, 59.88454);0,631
1;c(17.53134, 60.53641);0,877
1;c(17.72146, 62.61126);0,22
1;c(12.54134, 60.14922);0,554
1;c(12.63233, 60.44749);0,714
1;c(12.76258, 59.92011);0,864
1;c(14.64089, 63.10024);0,475
1;c(15.83349, 60.04988);0,533
1;c(12.76406, 59.93806);0,86
1;c(14.07247, 59.38016);0,433
1;c(13.27073, 57.38797);0,058
1;c(13.24203, 66.662104);1
1;c(13.224728, 66.7218);0,998
1;c(13.212367, 66.516969);0,998
1;c(13.247473, 66.719446);1
1;c(17.38033, 59.98896);0,204
1;c(11.769987, 65.841767);1
1;c(11.763726, 65.84673);1
1;c(11.903729, 65.853125);1
1;c(13.065897, 65.942374);1
1;c(12.528974, 65.889065);0,998
1;c(14.552582, 67.212607);1
1;c(12.442556, 65.866542);0,922
1;c(12.45807, 65.954825);1
1;c(11.270461, 60.550275);0,724
1;c(14.581085, 67.374957);0,996
1;c(13.786885, 66.689007);1
1;c(11.402343, 60.7165);0,802
1;c(11.615585, 59.305646);0,641
1;c(15.04087, 67.27323);1
1;c(13.057022, 66.637547);0,998
1;c(16.177437, 68.322075);1
1;c(13.38497, 66.013238);1
1;c(13.078716, 66.152926);1
1;c(16.214977, 68.325825);1
1;c(12.474186, 65.873439);0,922
1;c(17.38223, 68.434);0,973
1;c(16.237911, 68.325055);1
1;c(14.503722, 67.333431);1
1;c(12.495799, 65.876802);1
1;c(18.24441, 59.81821);0,4
1;c(14.415436, 66.979188);1
1;c(14.182431, 66.789624);1
1;c(15.310472, 67.000843);0,979
1;c(14.398134, 67.180106);0,998
1;c(15.177261, 67.091579);0,997
1;c(14.394928, 66.937576);1
1;c(11.867679, 65.70464);1
1;c(12.955117, 66.228968);1
1;c(14.998865, 66.725318);0,996
1;c(14.753095, 67.416881);1
1;c(14.174211, 66.785956);1
1;c(13.381781, 66.00757);1
1;c(14.40754, 67.183872);0,998
1;c(11.7047, 62.6406);0,99
1;c(13.7829, 66.1608);1
1;c(11.2229, 63.1973);0,939
1;c(16.15155, 59.20513);0,213
1;c(14.9876, 57.84);0,163
1;c(17.41486, 59.50683);0,254
1;c(18.3639, 59.91419);0,434
1;c(17.61276, 60.13426);0,311
1;c(15.18313, 58.19487);0,146
1;c(15.45516, 57.03048);0,5
1;c(15.04083, 60.30636);0,758
1;c(12.4373, 63.25941);0,898
1;c(12.95017, 63.14812);0,865
1;c(12.92514, 63.15104);0,865
1;c(14.19583, 62.50993);0,556
1;c(12.97386, 63.4009);0,607
1;c(15.15682, 61.13321);0,679
1;c(14.03786, 63.40022);0,702
1;c(14.32, 63.32185);0,006
1;c(17.54854, 58.97132);0,016
1;c(15.53552, 56.65014);0,324
1;c(13.08547, 63.40997);0,932
1;c(12.822095, 67.834956);1
1;c(12.992069, 68.009654);1
1;c(12.850046, 67.851995);1
1;c(13.089388, 68.110509);1
1;c(12.835969, 67.845824);1
1;c(12.85681, 67.859128);1
1;c(13.097733, 68.078752);1
1;c(13.077586, 68.06811);1
1;c(12.87226, 67.845438);1
1;c(12.862028, 67.852026);1
1;c(12.871216, 67.855583);1
1;c(13.334381, 66.003241);1
1;c(11.395826, 62.449155);0,962
1;c(12.79817, 59.9172);0,95
1;c(14.8613, 59.93381);0,492
1;c(12.72333, 59.95852);0,915
1;c(18.2055, 59.77738);0,41
1;c(18.171, 59.80536);0,457
1;c(18.33413, 59.72234);0,56
1;c(15.06709, 58.57515);0,351
1;c(11.25475, 58.41699);1
1;c(18.14162, 63.3925);0,744
1;c(14.97933, 59.47053);0,686
1;c(14.80138, 59.53879);0,682
1;c(13.39092, 55.65152);0,518
1;c(15.43107, 57.71392);0,369
1;c(15.56033, 57.96543);0,33
1;c(15.09471, 58.14159);0,195
1;c(16.6667, 58.38899);0,508
1;c(14.88358, 58.14275);0,076
1;c(14.48881, 63.33795);0,163
1;c(14.70228, 63.19424);0,463
1;c(14.76021, 63.13618);0,492
1;c(14.99292, 62.92885);0,723
1;c(15.10989, 62.88613);0,675
1;c(15.00698, 62.94019);0,772
1;c(15.05243, 63.41785);0,543
1;c(14.70391, 63.18055);0,463
1;c(14.78927, 63.13624);0,492
1;c(14.45656, 63.24282);0,63
1;c(15.15494, 62.94858);0,686
1;c(14.76981, 63.12809);0,492
1;c(14.81542, 63.1248);0,801
1;c(14.82233, 63.09404);0,801
1;c(14.7218, 63.16974);0,626
1;c(15.90308, 62.8534);0,541
1;c(13.88207, 62.43542);0,7
1;c(13.82815, 63.40498);0,383
1;c(15.60209, 63.30366);0,809
1;c(15.79594, 60.03199);0,756
1;c(12.81583, 59.92247);0,95
1;c(13.60014, 57.97191);0,379
1;c(11.79523, 57.56699);1
1;c(15.84524, 57.18406);0,04
1;c(15.95195, 56.98742);0,152
1;c(16.56578, 59.91046);0,405
1;c(14.79773, 63.13986);0,741
1;c(17.33521, 60.58036);0,845
1;c(17.35302, 60.59907);0,96
1;c(17.34126, 60.60521);0,96
1;c(14.42749, 57.8066);0,484
1;c(13.61364, 58.44005);0,129
1;c(14.592216, 67.277849);0,998
1;c(14.472811, 67.233123);1
1;c(14.405887, 67.220062);0,998
1;c(14.059146, 67.153254);0,996
1;c(14.599357, 67.402104);1
1;c(14.634463, 67.287153);0,998
1;c(14.068776, 67.142275);0,996
1;c(14.085323, 67.158509);1
1;c(14.05761, 57.87486);0,126
1;c(14.514951, 67.340658);1
1;c(11.751222, 61.696978);0,923
1;c(14.249643, 66.760838);1
1;c(11.745922, 59.14118);0,629
1;c(14.649277, 67.019617);0,999
1;c(14.495287, 67.02952);1
1;c(13.877534, 67.38592);1
1;c(11.055719, 63.196021);0,653
1;c(14.620081, 67.282463);0,998
1;c(12.05469, 62.348726);0,857
1;c(14.443679, 66.956596);1
1;c(14.03756, 66.773099);1
1;c(14.37291, 66.921884);1
1;c(15.300896, 66.934455);0,971
1;c(16.516551, 69.0547);0,999
1;c(14.233168, 66.762344);1
1;c(14.745962, 67.080891);1
1;c(14.22023, 63.55344);0,637
1;c(16.71256, 59.34512);0,272
1;c(14.4265, 57.81404);0,484
1;c(11.6288, 62.3348);0,958
1;c(11.9142, 61.8041);0,74
1;c(14.9668, 57.95683);0,061
1;c(17.20624, 62.58893);0,558
1;c(16.27385, 58.59887);0,279
1;c(14.88534, 57.78794);0,248
1;c(14.56728, 63.27867);0,279
1;c(13.19099, 63.25947);0,831
1;c(14.89013, 63.40081);0,895
1;c(14.8408, 63.09476);0,821
1;c(15.11624, 62.96416);0,625
1;c(14.9037, 63.11595);0,7
1;c(14.77236, 63.41729);0,849
1;c(16.31485, 58.10429);0,224
1;c(17.5914, 60.55694);0,341
1;c(17.59011, 60.56683);0,341
1;c(15.24982, 66.93685);0,987
1;c(15.23691, 66.93619);0,987
1;c(14.05155, 67.12133);1
1;c(14.01306, 67.16305);1
1;c(14.94003, 67.18388);1
1;c(14.35857, 67.20402);0,998
1;c(15.13403, 67.03304);0,997
1;c(15.15302, 67.03685);0,997
1;c(14.87148, 67.54992);1
1;c(14.69521, 67.49106);1
1;c(14.80709, 67.52929);1
1;c(14.48634, 67.236002);1
1;c(15.60801, 62.71647);0,614
1;c(14.23182, 63.53283);0,664
1;c(14.87182, 63.08523);0,821
1;c(14.81809, 63.33021);0,522
1;c(14.4488, 63.05472);0,574
1;c(14.57164, 63.03192);0,775
1;c(14.52188, 63.17208);0,863
1;c(14.59951, 63.3694);0,255
1;c(14.41688, 63.25386);0,386
1;c(13.80208, 63.56706);0,716
1;c(13.9186, 63.49352);0,521
1;c(14.31727, 63.28981);0,357
1;c(13.98248, 63.49619);0,793
1;c(13.7788, 63.56683);0,711
1;c(15.08116, 62.97566);0,401
1;c(15.23367, 63.49942);0,689
1;c(14.32336, 62.90825);0,817
1;c(14.49942, 62.96222);0,714
1;c(17.93323, 63.63653);0,663
1;c(11.75089, 57.64747);0,45
1;c(11.656926, 59.816658);0,775
1;c(15.35303, 57.05917);0,554
1;c(17.80489, 62.54085);0,266
1;c(18.49103, 59.63067);0,036
1;c(18.13827, 59.77582);0,44
1;c(12.33059, 58.76263);0,278
1;c(15.83683, 62.57054);0,71
1;c(14.87095, 59.93621);0,492
1;c(18.74643, 59.93786);0,278
1;c(14.10593, 58.41807);0,2
1;c(15.06703, 58.56598);0,351
1;c(14.727, 58.16365);0,085
1;c(14.70469, 58.11796);0,149
1;c(17.01802, 62.66001);0,581
1;c(15.74754, 60.14016);0,439
1;c(15.95896, 60.12972);0,721
1;c(11.6145, 57.76623);0,47
1;c(13.52219, 58.17248);0,453
1;c(13.42539, 58.59764);0,121
1;c(15.67714, 57.04027);0,593
1;c(13.42795, 58.57304);0,154
1;c(12.61545, 56.79116);1
1;c(14.46494, 57.78602);0,472
1;c(15.5969, 62.59134);0,554
1;c(15.82277, 62.42539);0,42
1;c(15.47537, 58.28631);0,201
1;c(15.52724, 62.80033);0,563
1;c(15.84043, 62.56275);0,71
1;c(16.30878, 62.29174);0,601
1;c(15.95702, 58.0543);0,171
1;c(15.22142, 58.10514);0,367
1;c(15.65777, 58.84419);0,325
1;c(17.73509, 60.10063);0,179
1;c(14.37203, 62.47886);0,72
1;c(13.72704, 57.8305);0,247
1;c(15.42626, 58.20111);0,281
1;c(15.40269, 58.8295);0,323
1;c(16.07523, 60.47412);0,655
1;c(15.6523, 59.59562);0,637
1;c(15.098308, 68.992519);0,997
1;c(14.560209, 67.171241);1
1;c(14.479136, 67.173095);0,997
1;c(16.543293, 68.718666);1
1;c(14.611439, 66.988492);1
1;c(13.166275, 68.099196);1
1;c(13.932295, 66.759955);1
1;c(14.706921, 67.200082);1
1;c(16.17184, 68.314698);1
1;c(14.852745, 66.775129);0,999
1;c(13.681306, 66.687934);1
1;c(12.095339, 65.39285);0,998
1;c(13.64338, 63.31922);0,53
1;c(12.72631, 60.56663);0,713
1;c(16.863686, 68.744284);1
1;c(11.668307, 59.974532);0,756
1;c(15.8067, 57.87731);0,102
1;c(11.658, 62.588);0,993
1;c(11.4571, 62.6753);0,968
1;c(16.09997, 61.11225);0,798
1;c(16.51839, 60.43133);0,717
1;c(12.7081, 56.44991);0,416
1;c(11.4846, 58.26265);1
1;c(17.99288, 59.65153);0,225
1;c(11.0789, 58.83741);1
1;c(18.81806, 60.10649);0,149
1;c(18.26244, 59.78131);0,169
1;c(18.23565, 59.73702);0,271
1;c(18.25979, 59.73972);0,132
1;c(18.95576, 59.81358);0,465
1;c(18.80601, 60.02851);0,424
1;c(17.94742, 59.66127);0,21
1;c(18.44062, 60.04546);0,729
1;c(11.18101, 58.74692);0,784
1;c(14.45023, 57.90168);0,207
1;c(14.92519, 57.83602);0,164
1;c(14.57912, 57.65772);0,349
1;c(14.61595, 57.92482);0,333
1;c(15.02195, 58.02324);0,268
1;c(11.22346, 58.64882);0,337
1;c(15.43386, 58.19633);0,281
1;c(15.2813, 58.22146);0,171
1;c(15.02421, 57.59612);0,208
1;c(14.72422, 57.95885);0,171
1;c(17.05108, 60.49926);0,274
1;c(14.55558, 63.27253);0,279
1;c(16.91755, 62.20142);0,694
1;c(16.04165, 58.4316);0,148
1;c(15.91371, 60.13039);0,598
1;c(15.64, 61.9187);0,533
1;c(15.24243, 58.73682);0,272
1;c(17.02723, 59.15927);0,151
1;c(12.83705, 57.39333);0,416
1;c(12.66618, 56.45381);0,41
1;c(16.09613, 61.38597);0,673
1;c(16.78007, 58.51936);0,139
1;c(15.40534, 60.35195);0,704
1;c(17.91723, 59.64473);0,21
1;c(17.9246, 59.66229);0,21
1;c(13.95691, 63.36392);0,663
1;c(18.13969, 59.957);0,393
1;c(17.38486, 59.98335);0,204
1;c(17.9383, 60.42278);0,332
1;c(17.35969, 60.60223);0,96
1;c(17.98635, 60.33306);0,192
1;c(18.43374, 60.12434);0,117
1;c(18.3161, 59.89005);0,432
1;c(18.04988, 60.48629);0,378
1;c(18.40367, 60.20198);0,219
1;c(18.19335, 59.96009);0,349
1;c(16.73597, 59.3174);0,255
1;c(14.51732, 58.61562);0,12
1;c(13.59292, 58.04787);0,141
1;c(16.90434, 59.26705);0,199
1;c(18.51162, 59.75521);0,024
1;c(15.44223, 58.87978);0,319
1;c(14.96213, 58.24202);0,323
1;c(15.22871, 58.1087);0,367
1;c(15.24534, 58.10376);0,367
1;c(15.63752, 58.88833);0,417
1;c(15.66283, 58.91968);0,537
1;c(15.00699, 59.54618);0,702
1;c(15.000948, 67.789583);0,998
1;c(14.969638, 67.785706);0,998
1;c(14.986038, 67.78795);0,998
1;c(12.756225, 66.229701);1
1;c(12.789704, 66.289395);1
1;c(12.787066, 66.281612);1
1;c(12.688526, 66.024782);0,998
1;c(13.59454, 58.53074);0,286
1;c(14.70649, 63.1041);0,463
1;c(17.58044, 60.5742);0,617
1;c(13.05425, 63.21717);0,811
1;c(17.59138, 60.57469);0,341
1;c(17.60342, 60.56644);0,341
1;c(17.63158, 60.55592);1
1;c(15.59828, 62.71732);0,614
1;c(15.1451, 62.72623);0,772
1;c(15.13713, 62.72213);0,772
1;c(17.51804, 60.5393);0,877
1;c(15.69742, 62.69289);0,58
1;c(17.92279, 59.65706);0,21
1;c(17.91657, 59.65096);0,187
1;c(18.27181, 59.11122);0,169
1;c(15.70745, 59.76361);0,466
1;c(12.71249, 56.46898);1
1;c(14.58957, 63.3809);0,552
1;c(14.55705, 63.34616);0,473
1;c(15.40466, 58.06755);0,157
1;c(11.54274, 58.05906);0,315
1;c(14.68959, 63.20648);0,463
1;c(15.08867, 63.39157);0,554
1;c(14.77573, 63.02213);0,616
1;c(14.78013, 62.98445);0,565
1;c(14.85822, 63.21888);0,659
1;c(19.00474, 59.78588);1
1;c(16.32426, 58.82454);0,231
1;c(14.4708, 63.11028);0,572
1;c(14.46352, 63.11471);0,572
1;c(14.94316, 63.02021);0,377
1;c(16.51514, 59.16344);0,22
1;c(15.56576, 58.19345);0
1;c(17.48087, 62.52252);0,388
1;c(16.36628, 59.27067);0,234
1;c(18.82199, 60.03878);0,424
1;c(17.19838, 62.45961);0,619
1;c(14.98728, 59.5049);0,361
1;c(17.4359, 62.77859);0,623
1;c(19.02946, 59.8532);0,172
1;c(12.69761, 60.41618);0,619
1;c(14.57758, 62.96559);0,591
1;c(18.4478, 59.98927);0,451
1;c(13.81548, 58.34372);0,171
1;c(14.07282, 58.10526);0,125
1;c(12.33647, 58.94659);0,211
1;c(14.50688, 58.61605);0,12
1;c(12.535837, 66.186864);1
1;c(12.525426, 66.191376);1
1;c(12.528749, 66.195756);1
1;c(12.905323, 66.354317);1
1;c(12.859958, 66.37122);1
1;c(11.888053, 65.124028);1
1;c(12.893079, 66.35909);1
1;c(12.874223, 66.37154);1
1;c(12.417412, 64.254812);0,737
1;c(17.73214, 62.5476);0,194
1;c(12.443706, 65.90477);1
1;c(16.55251, 68.713061);1
1;c(14.548782, 66.744769);1
1;c(14.786279, 66.656637);0,998
1;c(11.793999, 65.664507);1
1;c(11.784675, 65.116582);0,997
1;c(16.498162, 68.744213);1
1;c(16.501585, 68.794433);1
1;c(16.458268, 68.678906);1
1;c(11.823662, 65.613138);0,998
1;c(12.085062, 65.390602);0,998
1;c(14.439852, 66.923838);1
1;c(14.730026, 67.023633);1
1;c(13.532949, 68.189478);1
1;c(11.407535, 64.945715);0,998
1;c(11.461892, 62.357838);0,996
1;c(12.381992, 66.04476);1
1;c(11.7552, 62.5861);0,984
1;c(11.7544, 62.5772);0,989
1;c(11.7881, 62.7292);0,993
1;c(11.7873, 62.7202);0,993
1;c(11.3266, 62.5849);0,942
1;c(11.3929, 62.6826);0,969
1;c(11.8171, 62.8274);0,994
1;c(14.85177, 63.09453);0,821
1;c(14.82121, 63.10976);0,801
1;c(14.80402, 63.11431);0,801
1;c(17.59552, 60.63579);1
1;c(17.57213, 60.58217);0,617
1;c(18.40755, 60.31392);0,38
1;c(18.41995, 60.22931);0,535
1;c(17.86605, 60.30789);0,511
1;c(18.42224, 60.23917);0,535
1;c(18.28717, 60.13803);0,215
1;c(18.01359, 60.16147);0,271
1;c(18.4052, 60.23949);0,438
1;c(12.2596, 65.9522);1
1;c(14.3795, 62.96738);0,606
1;c(16.99583, 60.9412);0,639
1;c(11.52308, 63.65889);0,979
1;c(11.23783, 58.41372);0,265
1;c(13.63837, 58.13127);0,285
1;c(13.69845, 58.28305);0,124
1;c(12.29548, 59.27705);0,261
1;c(14.14863, 59.82471);0,632
1;c(12.57348, 60.66703);0,802
1;c(13.93203, 61.33575);0,766
1;c(14.65903, 63.23273);0,492
1;c(18.66832, 60.13133);1
1;c(18.64228, 59.52332);0,098
1;c(14.76861, 59.4207);0,57
1;c(15.24834, 59.89334);0,628
1;c(16.60279, 62.14545);0,447
1;c(16.53024, 62.16785);0,365
1;c(16.36024, 62.20244);0,597
1;c(16.49928, 62.19466);0,505
1;c(16.7377, 62.14201);0,546
1;c(16.52108, 62.17246);0,365
1;c(16.41518, 61.11429);0,514
1;c(16.46218, 62.08971);0,824
1;c(16.45185, 62.18668);0,57
1;c(16.55546, 62.06895);0,856
1;c(16.55309, 62.15712);0,451
1;c(16.54368, 62.16633);0,451
1;c(16.55969, 62.16063);0,451
1;c(16.51064, 62.17384);0,365
1;c(16.5949, 62.14804);0,447
1;c(16.64844, 62.18121);0,681
1;c(16.93688, 62.15416);0,741
1;c(16.64675, 62.14271);0,762
1;c(16.28551, 62.22574);0,064
1;c(15.87812, 61.14579);0,44
1;c(15.44409, 61.69798);0,624
1;c(16.61245, 62.15233);0,447
1;c(16.02363, 61.11092);0,731
1;c(16.11222, 62.0922);0,416
1;c(15.85173, 61.29961);0,748
1;c(15.6887, 62.11906);0,63
1;c(15.77083, 62.02432);0,43
1;c(15.80526, 61.96192);0,502
1;c(14.91763, 61.78318);0,462
1;c(15.99256, 62.28041);0,596
1;c(16.32471, 62.43563);0,547
1;c(17.26082, 62.90541);0,542
1;c(16.56301, 59.91617);0,405
1;c(16.58094, 59.95372);0,184
1;c(13.02176, 56.06577);0,289
1;c(15.11238, 58.11178);0,383
1;c(15.09839, 58.14924);0,195
1;c(15.10608, 58.13643);0,195
1;c(15.07382, 58.23091);0,107
1;c(16.76314, 62.25379);0,711
1;c(16.37658, 62.41389);0,513
1;c(14.75034, 63.02692);0,616
1;c(15.33932, 57.82825);0,327
1;c(15.48143, 57.83214);0,069
1;c(15.49205, 57.82702);0,069
1;c(18.75506, 59.9925);0,335
1;c(18.8729, 59.95403);0,36
1;c(18.86392, 59.90207);0,389
1;c(15.54025, 57.87895);0,163
1;c(14.78618, 59.43459);0,57
1;c(14.5295, 58.73718);0,189
1;c(15.15924, 62.73042);0,772
1;c(15.26513, 63.03789);0,639
1;c(14.54313, 63.19825);0,518
1;c(14.98964, 62.99268);0,332
1;c(14.51259, 63.08376);0,674
1;c(16.89371, 58.50917);0,189
1;c(16.63781, 58.49429);0,18
1;c(16.51535, 59.05697);0,27
1;c(13.88649, 63.41057);0,467
1;c(14.13765, 63.35808);0,554
1;c(13.2692, 63.32031);0,425
1;c(13.75559, 63.38279);0,771
1;c(14.04111, 63.3731);0,695
1;c(14.78306, 63.41578);0,883
1;c(16.84541, 59.1536);0,247
1;c(12.32663, 58.84839);0,34
1;c(16.30386, 58.86671);0,297
1;c(15.67965, 56.88661);0,639
1;c(17.87523, 59.46738);0,528
1;c(15.21658, 60.98314);0,794
1;c(15.96051, 60.18945);0,557
1;c(17.305, 58.83111);0,304
1;c(16.47494, 62.17181);0,505
1;c(16.2452, 62.22075);0,596
1;c(14.73792, 57.88794);0,13
1;c(15.32485, 60.6656);0,621
1;c(13.40481, 60.99259);0,688
1;c(14.69685, 63.16841);0,463
1;c(15.4162, 58.07648);0,157
1;c(14.60655, 63.25704);0,339
1;c(14.63382, 62.90286);0,553
1;c(12.57738, 59.13359);0,433
1;c(14.41378, 63.33801);0,266
1;c(12.79726, 59.94474);0,961
1;c(12.8409, 60.05704);0,808
1;c(14.36396, 59.75073);0,712
1;c(12.80739, 59.91519);0,631
1;c(12.84992, 59.8272);0,705
1;c(14.45079, 57.78416);0,474
1;c(14.9455, 62.99394);0,372
1;c(14.30051, 62.8716);0,523
1;c(14.88469, 62.99028);0,509
1;c(12.41659, 59.52266);0,571
1;c(15.01313, 62.98888);0,495
1;c(12.49033, 58.81112);0,293
1;c(14.87602, 61.18541);0,741
1;c(13.32264, 61.00594);0,658
1;c(14.40771, 57.49668);0,426
1;c(16.33753, 60.32976);0,538
1;c(14.88083, 63.37549);0,895
1;c(14.93967, 57.84832);0,164
1;c(17.33753, 60.48278);0,664
1;c(13.34716, 60.96577);0,737
1;c(15.0669, 60.32794);0,478
1;c(13.89151, 60.2477);0,72
1;c(15.46347, 60.02333);0,461
1;c(13.39075, 60.99512);0,688
1;c(13.33482, 60.99006);0,737
1;c(14.7665, 61.15956);0,853
1;c(13.93789, 61.14905);0,635
1;c(14.6301, 61.10409);0,878
1;c(15.16766, 61.12881);0,52
1;c(15.21104, 61.0228);0,83
1;c(15.39794, 60.81276);0,768
1;c(17.45948, 62.91987);0,596
1;c(14.25451, 59.8011);0,62
1;c(12.65326, 60.0231);0,622
1;c(15.36029, 60.79638);0,804
1;c(17.34455, 60.58692);0,96
1;c(11.10065, 58.96331);1
1;c(12.53957, 59.34982);0,327
1;c(14.48966, 59.68923);0,611
1;c(12.82381, 59.86516);0,706
1;c(12.88145, 59.8739);0,715
1;c(12.41709, 60.93252);0,718
1;c(18.43262, 60.04269);0,806
1;c(16.80363, 59.27987);0,138
1;c(17.31525, 60.39515);0,685
1;c(15.33221, 59.35062);0,196
1;c(15.03388, 57.51107);0,256
1;c(16.78622, 59.32232);0,305
1;c(15.60057, 58.21585);0,154
1;c(14.88809, 59.27945);0,393
1;c(18.43755, 60.0378);0,315
1;c(13.078707, 66.107963);1
1;c(15.270569, 66.938949);0,981
1;c(18.43427, 62.89232);0,279
1;c(17.44953, 62.91927);0,6
1;c(11.0105, 62.518);0,959
1;c(11.4018, 64.1439);0,997
1;c(11.4386, 64.1415);1
1;c(17.73958, 59.84092);0,131
1;c(17.40521, 58.83512);0,173
1;c(13.183486, 66.39622);1
1;c(14.372604, 66.91596);1
1;c(13.179112, 66.384812);1
1;c(13.658013, 66.29457);1
1;c(14.455052, 66.959775);1
1;c(14.70534, 67.014707);1
1;c(11.633434, 65.327796);1
1;c(15.090565, 67.975899);1
1;c(15.004111, 67.969922);1
1;c(14.560981, 66.735383);1
1;c(12.25506, 65.975168);0,999
1;c(15.102495, 67.970869);1
1;c(14.973281, 67.955203);1
1;c(14.024992, 67.022525);1
1;c(14.986333, 67.971681);1
1;c(16.959941, 68.737797);1
1;c(14.966391, 67.917889);1
1;c(13.981137, 67.430324);1
1;c(14.972167, 67.970646);1
1;c(13.44363, 66.924324);0,999
1;c(13.635878, 68.121688);0,953
1;c(14.70632, 67.009595);1
1;c(14.516982, 67.286647);0,998
1;c(15.058073, 67.978334);1
1;c(12.344765, 64.329209);0,872
1;c(15.016247, 67.972156);1
1;c(15.078384, 67.976714);1
1;c(14.702873, 67.496308);1
1;c(11.718489, 65.339215);1
1;c(16.31164, 58.94625);0,192
1;c(16.7773, 59.3224);0,305
1;c(16.8172, 58.97091);0,478
1;c(16.74809, 59.35733);0,272
1;c(17.86682, 60.29966);0,511
1;c(17.30773, 60.04225);0,176
1;c(18.01986, 60.17213);0,361
1;c(18.12736, 60.1336);0,33
1;c(17.88794, 60.55562);0,405
1;c(17.90084, 60.58594);1
1;c(17.61336, 60.56106);0,341
1;c(18.18013, 60.25648);0,356
1;c(18.10492, 60.27157);0,233
1;c(18.42669, 60.20336);0,619
1;c(17.24791, 60.11495);0,218
1;c(12.6285, 62.53371);0,436
1;c(11.58647, 57.86457);1
1;c(13.1044, 63.49035);0,943
1;c(18.41734, 62.89809);0,279
1;c(16.72688, 59.36974);0,272
1;c(17.22701, 58.75278);0,091
1;c(17.03711, 59.1577);0,151
1;c(16.98773, 58.7424);0,307
1;c(16.17624, 59.17167);0,249
1;c(16.10673, 59.12915);0,291
1;c(16.25234, 59.31461);0,342
1;c(16.27869, 59.03691);0,325
1;c(16.15485, 59.03142);0,26
1;c(16.85444, 59.34009);0,258
1;c(16.23664, 58.89536);0,363
1;c(16.7939, 59.31643);0,269
1;c(16.17198, 59.21471);0,258
1;c(15.99333, 59.19484);0,247
1;c(16.10241, 59.33006);0,388
1;c(16.24742, 58.89303);0,363
1;c(16.14785, 59.05011);0,401
1;c(16.17213, 59.17617);0,249
1;c(16.30793, 58.87073);0,297
1;c(16.36327, 58.83005);0,235
1;c(16.96229, 58.67556);0,075
1;c(15.79803, 56.40168);0,132
1;c(14.94529, 63.46213);0,579
1;c(14.95543, 63.46224);0,579
1;c(14.59535, 63.30305);0,594
1;c(15.95663, 62.62658);0,781
1;c(16.37232, 59.26035);0,234
1;c(16.25178, 58.88112);0,223
1;c(11.74434, 57.73622);0,222
1;c(18.61662, 59.66174);0,013
1;c(18.7929, 59.93172);0,327
1;c(17.61788, 58.99586);0,014
1;c(18.78633, 59.92835);0,285
1;c(13.36322, 55.6982);0,539
1;c(15.50156, 57.98739);0,182
1;c(11.58478, 57.97526);0,35
1;c(14.71987, 58.1107);0,112
1;c(12.4812, 59.0493);0,412
1;c(11.515411, 63.655595);0,979
1;c(11.420119, 64.135994);1
1;c(11.511682, 63.650896);0,979
1;c(15.94577, 68.26373);1
1;c(15.01874, 67.93189);1
1;c(13.40121, 58.59833);0,233
1;c(13.38401, 58.56869);0,144
1;c(13.38359, 58.57375);0,144
1;c(12.34859, 59.54613);0,5
1;c(15.78751, 57.59526);0,367
1;c(17.5126, 60.55203);0,83
1;c(17.5799, 60.5793);0,617
1;c(14.44281, 63.08112);0,574
1;c(11.15296, 58.7644);0,797
1;c(16.72359, 58.45085);0,347
1;c(14.89036, 63.19989);0,694
1;c(14.8262, 63.22314);0,578
1;c(14.80883, 63.33407);0,782
1;c(14.69621, 63.19972);0,463
1;c(15.96218, 62.59224);0,531
1;c(11.75266, 58.07327);1
1;c(16.80308, 56.81283);0,278
1;c(14.85656, 63.43325);0,777
1;c(14.70406, 63.17543);0,463
1;c(14.71341, 63.17323);0,626
1;c(13.21163, 63.40755);0,923
1;c(12.59584, 59.93055);0,582
1;c(14.02081, 63.38674);0,702
1;c(16.69528, 56.61527);0,648
1;c(16.89518, 62.4706);0,74
1;c(11.53507, 57.97272);1
1;c(11.54927, 58.06308);0,315
1;c(14.53357, 63.18509);0,863
1;c(14.58786, 63.38729);0,552
1;c(14.54125, 63.35086);0,365
1;c(14.64544, 63.18771);0,537
1;c(11.60934, 57.7703);0,25
1;c(17.87346, 59.18165);0,054
1;c(14.53303, 61.24503);0,684
1;c(11.24846, 58.40917);0,265
1;c(11.24516, 58.40494);0,265
1;c(13.33068, 60.97993);0,679
1;c(17.64695, 58.9722);0,043
1;c(13.92147, 63.38592);0,449
1;c(13.90992, 63.4046);0,467
1;c(17.83491, 60.16326);0,316
1;c(13.91926, 63.39148);0,449
1;c(18.24766, 59.79869);0,4
1;c(18.5204, 59.74403);0,122
1;c(18.66321, 59.97175);0,22
1;c(12.51673, 59.07698);0,429
1;c(18.40058, 59.63546);0,107
1;c(16.22086, 58.90927);0,363
1;c(12.79882, 59.91266);0,631
1;c(12.71888, 60.41871);0,68
1;c(17.64781, 59.57106);0,191
1;c(18.24964, 59.79382);0,4
1;c(18.07894, 59.62183);0,182
1;c(13.87629, 61.17488);0,644
1;c(14.30645, 63.48083);0,517
1;c(14.04175, 56.81069);0,202
1;c(14.25719, 59.85369);0,617
1;c(13.97514, 61.16412);0,739
1;c(18.8342, 59.95376);0,36
1;c(15.67296, 57.96208);0,284
1;c(14.62587, 63.01341);0,39
1;c(14.88588, 57.86856);0,225
1;c(14.90007, 57.86277);0,225
1;c(12.58251, 60.15946);0,54
1;c(12.73609, 60.26799);0,605
1;c(12.67572, 60.26111);0,737
1;c(16.24806, 60.27044);0,644
1;c(15.0657, 60.2235);0,717
1;c(14.69576, 60.04257);0,636
1;c(15.56195, 58.1984);0,775
1;c(16.3471, 58.88676);0,166
1;c(12.717708, 66.042375);1
1;c(12.41096, 62.53711);0,719
1;c(15.70689, 57.90429);0,324
1;c(16.60782, 62.18704);0,372
1;c(16.95637, 62.07865);0,5
1;c(14.24985, 60.1638);0,743
1;c(15.8368, 58.79686);0,347
1;c(16.73608, 58.17295);0,279
1;c(14.57448, 63.2938);0,49
1;c(16.203213, 68.771979);1
1;c(13.007546, 67.896011);1
1;c(11.7265, 65.760803);1
1;c(11.722152, 65.755975);1
1;c(18.14041, 62.9628);0,316
1;c(15.07062, 60.59502);0,718
1;c(14.79933, 60.02393);0,708
1;c(14.91944, 59.90349);0,588
1;c(18.27558, 60.25792);0,115
1;c(16.192968, 68.777534);1
1;c(12.578651, 66.373081);0,999
1;c(12.465472, 66.316988);1
1;c(12.525273, 66.336252);1
1;c(12.481166, 66.316926);1
1;c(18.10632, 60.39925);0,311
1;c(17.8998, 60.59193);1
1;c(13.68045, 58.2765);0,124
1;c(16.33324, 59.1095);0,279
1;c(12.96552, 63.75112);0,943
1;c(16.7329, 62.37916);0,45
1;c(12.18666, 59.28866);0,324
1;c(14.31963, 63.30083);0,006
1;c(12.987942, 68.028678);1
1;c(12.793474, 65.817859);1
1;c(12.844112, 65.810896);1
1;c(11.124118, 62.420182);0,838
1;c(12.511457, 66.331428);1
1;c(12.502177, 66.336469);1
1;c(12.214662, 65.943315);1
1;c(12.535226, 66.312246);1
1;c(12.540041, 66.348822);1
1;c(12.585343, 66.378132);1
1;c(12.487678, 66.320588);1
1;c(11.0997, 62.412714);0,919
1;c(12.220079, 66.216157);1
1;c(12.623405, 66.303312);1
1;c(14.931878, 67.575058);1
1;c(16.4731, 68.6399);1
1;c(16.61522, 62.59487);0,46
1;c(14.04016, 63.82874);0,945
1;c(14.6233, 58.02981);0,101
1;c(15.20499, 62.83767);0,837
1;c(11.8602, 62.6649);0,988
1;c(11.6847, 62.6683);0,99
1;c(11.0033, 62.4104);0,912
1;c(11.0003, 62.3655);0,996
1;c(11.7213, 62.6407);0,986
1;c(11.7026, 62.65);0,99
1;c(11.178, 62.4167);0,982
1;c(11.3182, 62.4773);0,996
1;c(12.229386, 65.951835);1
1;c(15.450538, 67.208331);1
1;c(12.528174, 66.344226);1
1;c(12.570252, 66.385632);1
1;c(12.229718, 65.944091);1
1;c(11.144544, 64.975777);0,998
1;c(14.515544, 67.32111);1
1;c(14.49217, 67.33629);1
1;c(14.447191, 67.228721);0,998
1;c(16.14624, 62.636);0,553
1;c(15.61041, 62.61128);0,554
1;c(17.6928, 59.07833);1
1;c(16.44589, 62.2476);0,64
1;c(16.07409, 58.71314);0,261
1;c(12.33977, 62.54127);0,756
1;c(15.35448, 62.80153);0,642
1;c(14.8065, 63.12126);0,801
1;c(17.07643, 60.48828);0,274
1;c(15.06425, 63.41079);0,623
1;c(16.37825, 63.5797);0,665
1;c(16.04183, 63.50719);0,645
1;c(15.08917, 63.38669);0,554
1;c(14.85248, 59.9743);0,6
1;c(14.80124, 60.02905);0,708
1;c(14.78599, 59.98826);0,519
1;c(14.79828, 59.98425);0,664
1;c(14.81, 59.98395);0,664
1;c(15.263985, 67.402412);1
1;c(15.273633, 67.38458);1
1;c(14.82838, 63.51019);0,839
1;c(16.08684, 59.78731);0,716
1;c(11.26052, 58.42847);1
1;c(12.05761, 63.32775);0,951
1;c(14.54829, 63.46128);0,601
1;c(11.76139, 65.099685);0,997
1;c(14.78887, 61.18119);0,917
1;c(12.76398, 62.76115);0,86
1;c(11.208693, 64.734686);1
1;c(17.008684, 68.856607);1
1;c(14.28836, 63.32172);0,597
1;c(17.49376, 62.62783);0,588
1;c(15.71561, 63.57774);0,827
1;c(12.38798, 62.70371);0,869
1;c(14.82475, 64.34423);0,615
1;c(17.50325, 60.53326);0,877
1;c(16.68641, 62.31753);0,5
1;c(14.74735, 61.15869);0,811
1;c(16.53921, 61.57308);0,633
1;c(17.55075, 62.22836);0,492
1;c(15.66652, 57.04175);0,598
1;c(17.36708, 60.59882);0,997
1;c(15.25304, 61.11698);0,753
1;c(14.85692, 60.40876);0,854
1;c(11.724003, 59.31422);0,686
0;c(15.43107, 57.71392);0,369
0;c(13.93709, 57.94687);0,181
0;c(13.92351, 57.48841);0,239
0;c(15.43107, 57.71392);0,369
0;c(15.62048, 57.49234);0,252
0;c(13.76689, 63.38111);0,771
0;c(13.70582, 58.24069);0,164
0;c(14.92038, 57.25013);0,215
0;c(14.71987, 58.1107);0,112
0;c(15.43107, 57.71392);0,369
0;c(15.09471, 58.14159);0,195
0;c(13.39092, 55.65152);0,518
0;c(15.43107, 57.71392);0,369
0;c(15.35292, 57.05929);0,554
0;c(13.72109, 63.34925);0,759
0;c(14.88588, 57.86856);0,225
0;c(15.05103, 58.15694);0,209
0;c(14.76171, 63.14113);0,492
0;c(14.65423, 63.16847);0,537
0;c(14.59656, 62.83313);0,557
0;c(15.82323, 58.58985);0,341
0;c(15.50156, 57.98739);0,182
0;c(16.26199, 56.87052);0,226
0;c(14.42914, 57.81728);0,484
0;c(14.56289, 57.6642);0,349
0;c(14.04143, 56.8105);0,166
0;c(15.56373, 58.19549);0,775
0;c(15.07382, 58.23091);0,107
0;c(15.56372, 57.56817);0,298
0;c(14.65042, 56.25034);0,278
0;c(15.56307, 58.19563);0,775
0;c(14.5696, 57.66803);0,345
0;c(14.4256, 57.82462);0,484
0;c(18.34565, 62.85043);0,394
0;c(14.54063, 59.58474);0,744
0;c(15.56373, 58.19549);0,775
0;c(14.41688, 63.25386);0,386
0;c(14.57045, 57.65917);0,349
0;c(15.84006, 56.29929);0,68
0;c(16.7522, 58.30868);0,237
0;c(15.56373, 58.19549);0,775
0;c(15.43107, 57.71392);0,369
0;c(12.93502, 63.13064);0,865
0;c(16.39664, 58.58552);1
0;c(14.37231, 62.47879);0,72
0;c(15.05243, 63.41785);0,543
0;c(15.06494, 58.79558);0,374
0;c(14.61595, 57.92482);0,333
0;c(15.13279, 62.97282);0,736
0;c(15.063, 58.56768);0,351
0;c(15.66625, 58.93226);0,537
0;c(14.90007, 57.86277);0,225
0;c(15.56307, 58.19563);0,775
0;c(15.10748, 58.13679);0,195
0;c(15.43107, 57.71392);0,369
0;c(15.56307, 58.19563);0,775
0;c(14.71896, 58.12328);0,112
0;c(15.76029, 58.6357);0,252
0;c(14.71935, 58.11037);0,112
0;c(14.72227, 56.47059);0,059
0;c(14.55936, 57.90457);0,402
0;c(12.71479, 59.91451);0,809
0;c(15.04268, 58.15358);0,209
0;c(16.39664, 58.58552);1
0;c(15.56307, 58.19563);0,775
0;c(15.45106, 57.96843);0,119
0;c(13.9002, 57.88232);0,315
0;c(11.76217, 58.05007);1
0;c(15.0531, 59.0639);0,198
0;c(14.38915, 63.2488);0,642
0;c(15.56373, 58.19549);0,775
0;c(14.78637, 58.12384);0,113
0;c(15.56373, 58.19549);0,775
0;c(14.94971, 58.96167);0,342
0;c(15.12482, 57.67299);0,125
0;c(15.43107, 57.71392);0,369
0;c(14.8864, 58.13308);0,076
0;c(14.35919, 63.02947);0,514
0;c(15.063, 58.56768);0,351
0;c(15.56307, 58.19563);0,775
0;c(15.56373, 58.19549);0,775
0;c(14.88858, 58.13316);0,076
0;c(15.13239, 62.97299);0,736
0;c(14.46494, 57.78602);0,472
0;c(15.56307, 58.19563);0,775
0;c(15.76339, 58.63491);0,252
0;c(11.25283, 58.40141);0,4
0;c(15.95284, 58.05497);0,171
0;c(17.43328, 62.93001);0,6
0;c(15.36563, 58.28436);0,287
0;c(14.07722, 57.55991);0,532
0;c(15.95284, 58.05497);0,171
0;c(15.36522, 58.28429);0,287
0;c(12.68681, 59.98391);0,654
0;c(16.7522, 58.30868);0,237
0;c(15.56373, 58.19549);0,775
0;c(11.58478, 57.97526);0,35
0;c(13.97273, 57.94421);0,142
0;c(14.991, 57.22654);0,176
0;c(15.77086, 57.75402);0,257
0;c(15.82323, 58.58985);0,341
0;c(16.74079, 58.16437);0,252
0;c(15.08191, 58.22554);0,107
0;c(14.25278, 57.432);0,369
0;c(14.34769, 57.92254);0,255
0;c(14.72227, 56.47059);0,059
0;c(15.50178, 57.98481);0,182
0;c(15.43107, 57.71392);0,369
0;c(14.57912, 57.65772);0,349
0;c(14.46139, 57.80915);0,386
0;c(11.31906, 58.37732);0,353
0;c(16.14934, 57.10256);0,11
0;c(14.75693, 63.14175);0,492
0;c(15.56307, 58.19563);0,775
0;c(14.04133, 56.81086);0,166
0;c(15.56307, 58.19563);0,775
0;c(16.26199, 56.87052);0,226
0;c(14.86253, 56.5335);0,104
0;c(14.72227, 56.47059);0,059
0;c(15.67753, 57.04045);0,593
0;c(15.01777, 57.72694);0,114
0;c(13.73798, 58.2429);0,108
0;c(13.59886, 58.1328);0,251
0;c(15.35292, 57.05929);0,554
0;c(13.69844, 58.28305);0,124
0;c(14.37231, 62.47879);0,72
0;c(16.26199, 56.87052);0,226
0;c(16.00417, 59.71853);0,541
0;c(15.56307, 58.19563);0,775
0;c(18.44106, 60.28811);0,6
0;c(14.04143, 56.8105);0,166
0;c(16.32426, 58.82454);0,231
0;c(14.8864, 58.13308);0,076
0;c(13.44526, 58.20873);0,149
0;c(13.60043, 58.13249);0,251
0;c(14.25278, 57.432);0,369
0;c(14.65408, 57.68313);0,19
0;c(18.62477, 59.90518);0,025
0;c(18.82633, 59.90746);0,358
0;c(18.04503, 59.99887);0,24
0;c(13.74855, 58.25616);0,133
0;c(13.74553, 58.2553);0,133
0;c(15.56307, 58.19563);0,775
0;c(15.24213, 58.09221);0,367
0;c(13.46328, 58.11596);0,303
0;c(18.045, 59.99877);0,24
0;c(16.66593, 58.39093);0,385
0;c(13.66049, 58.22312);0,257
0;c(15.94507, 58.07882);0,171
0;c(15.56307, 58.19563);0,775
0;c(15.27731, 57.80671);0,226
0;c(16.02038, 58.26566);0,114
0;c(15.69742, 62.69289);0,58
0;c(13.60105, 58.29773);0,124
0;c(13.60105, 58.29773);0,124
0;c(14.04175, 56.81083);0,202
0;c(13.69843, 58.28375);0,124
0;c(14.72227, 56.47059);0,059
0;c(17.64727, 59.571);0,191
0;c(15.80555, 57.88016);0,102
0;c(13.60251, 58.13542);0,251
0;c(13.71398, 58.28577);0,133
0;c(16.03358, 57.59938);0,192
0;c(13.63946, 58.13137);0,285
0;c(14.86348, 56.53374);0,104
0;c(15.05243, 63.41785);0,543
0;c(18.8271, 59.90806);0,358
0;c(13.70582, 58.24069);0,164
0;c(17.89254, 60.22802);0,561
0;c(15.84006, 56.29929);0,68
0;c(13.44526, 58.20873);0,149
0;c(15.35292, 57.05929);0,554
0;c(15.67725, 57.04028);0,593
0;c(13.63968, 58.1317);0,285
0;c(15.56307, 58.19563);0,775
0;c(13.73774, 58.24128);0,108
0;c(13.66049, 58.22312);0,257
0;c(14.42791, 57.80822);0,484
0;c(15.23586, 58.0816);0,348
0;c(14.64198, 57.57847);0,406
0;c(12.51653, 59.07699);0,429
0;c(18.25493, 60.2358);0,47
0;c(15.56307, 58.19563);0,775
0;c(14.88588, 57.86856);0,225
0;c(15.45311, 58.08596);0,141
0;c(14.8538, 57.87297);0,491
0;c(15.36563, 58.28436);0,287
0;c(14.04169, 56.81058);0,202
0;c(15.69742, 62.69289);0,58
0;c(18.62477, 59.90518);0,025
0;c(17.9383, 60.42278);0,332
0;c(15.66625, 58.93226);0,537
0;c(13.60013, 58.13408);0,251
0;c(14.65042, 56.25034);0,278
0;c(18.55932, 60.03557);0,513
0;c(14.46494, 57.78602);0,472
0;c(16.7522, 58.30868);0,237
0;c(15.43107, 57.71392);0,369
0;c(15.30665, 58.38909);0,09
0;c(15.56307, 58.19563);0,775
0;c(14.61595, 57.92482);0,333
0;c(15.43107, 57.71392);0,369
0;c(16.66301, 58.38344);0,385
0;c(15.80545, 57.8791);0,102
0;c(17.92366, 60.1499);0,291
0;c(17.93164, 60.42069);0,332
0;c(13.46329, 58.11595);0,303
0;c(17.64781, 59.57106);0,191
0;c(18.41146, 60.42493);0,255
0;c(14.92519, 57.83602);0,164
0;c(18.00056, 60.46852);0,475
0;c(16.01981, 58.25672);0,114
0;c(14.69856, 63.80477);0,5
0;c(15.66625, 58.93226);0,537
0;c(14.64963, 63.81436);0,409
0;c(15.43107, 57.71392);0,369
0;c(16.59494, 62.0582);0,539
0;c(16.02513, 58.26268);0,114
0;c(14.727, 58.16365);0,085
0;c(15.16672, 57.22799);0,281
0;c(18.8342, 59.95376);0,36
0;c(16.74066, 58.52809);0,092
0;c(14.60336, 63.33552);0,009
0;c(12.96449, 58.04374);0,259
0;c(13.75658, 58.10364);0,3
0;c(14.5334, 63.35676);0,365
0;c(14.79485, 63.09166);0,801
0;c(17.9383, 60.42278);0,332
0;c(14.94715, 63.46289);0,579
0;c(12.5752, 57.75772);0,192
0;c(13.02176, 56.06577);0,289
0;c(15.45562, 61.70045);0,624
0;c(15.19204, 59.3847);0,458
0;c(14.04169, 56.81058);0,202
0;c(12.53384, 57.80608);0,337
0;c(16.59072, 58.53937);0,17
0;c(14.60382, 63.36904);0,255
0;c(18.81668, 60.0102);0,424
0;c(15.84006, 56.29929);0,68
0;c(14.6509, 63.8075);0,409
0;c(13.73774, 58.24128);0,108
0;c(14.88873, 58.13327);0,076
0;c(13.46876, 57.89592);0,457
0;c(12.00541, 59.18481);0,437
0;c(12.78909, 57.85656);0,185
0;c(14.69971, 63.80533);0,5
0;c(14.64853, 63.81052);0,409
0;c(16.45919, 62.09111);0,824
0;c(18.41173, 60.42474);0,255
0;c(18.55932, 60.03557);0,513
0;c(16.07486, 59.80197);0,599
0;c(16.77134, 58.52024);0,139
0;c(16.03358, 57.59938);0,192
0;c(17.92815, 60.41824);0,332
0;c(18.69585, 60.12169);0,301
0;c(15.1631, 61.7419);0,671
0;c(17.83521, 60.16335);0,316
0;c(18.11413, 60.12092);0,298
0;c(15.1451, 62.72623);0,772
0;c(18.82209, 60.01057);0,424
0;c(16.09999, 61.11218);0,798
0;c(14.59902, 57.87028);0,356
0;c(18.00769, 60.5456);1
0;c(18.08994, 60.23682);0,242
0;c(16.70223, 58.56922);0,141
0;c(17.24721, 60.11429);0,218
0;c(12.28988, 59.10121);0,242
0;c(17.67245, 60.16324);0,318
0;c(16.92437, 59.11525);0,494
0;c(14.66957, 63.17826);0,463
0;c(13.36118, 58.08881);0,21
0;c(15.43107, 57.71392);0,369
0;c(14.32265, 63.28976);0,357
0;c(15.82323, 58.58985);0,341
0;c(17.61326, 59.61658);0,208
0;c(12.51653, 59.07699);0,429
0;c(16.69976, 61.21778);0,699
0;c(14.85611, 63.43349);0,777
0;c(18.46027, 63.16201);0,638
0;c(14.82233, 63.09404);0,801
0;c(15.94507, 58.07882);0,171
0;c(15.16672, 57.22799);0,281
0;c(18.86794, 59.98257);0,444
0;c(17.37986, 59.98897);0,204
0;c(18.80019, 60.06585);0,474
0;c(16.35791, 61.06524);0,482
0;c(12.73616, 57.86145);0,173
0;c(14.70671, 63.80393);0,5
0;c(15.80555, 57.88016);0,102
0;c(17.55527, 60.19863);0,366
0;c(14.65423, 63.16847);0,537
0;c(16.59361, 62.0601);0,539
0;c(14.70468, 63.80758);0,5
0;c(15.7233, 62.28503);0,82
0;c(18.126, 60.13234);0,33
0;c(18.79665, 59.93294);0,327
0;c(14.76665, 63.13896);0,492
0;c(14.75693, 63.14175);0,492
0;c(17.98635, 60.33306);0,192
0;c(14.9037, 63.11595);0,7
0;c(16.00417, 59.71853);0,541
0;c(14.55936, 57.90457);0,402
0;c(18.11273, 60.12107);0,298
0;c(12.0007, 59.1958);0,437
0;c(18.79665, 59.93294);0,327
0;c(15.01777, 57.72694);0,114
0;c(14.54495, 63.14662);0,476
0;c(12.73616, 57.86145);0,173
0;c(14.8864, 58.13308);0,076
0;c(12.46024, 59.07533);0,412
0;c(18.06316, 59.69497);0,158
0;c(15.36563, 58.28436);0,287
0;c(14.31727, 63.28981);0,357
0;c(15.35292, 57.05929);0,554
0;c(13.46876, 57.89592);0,457
0;c(15.17617, 61.72673);0,763
0;c(14.34769, 57.92254);0,255
0;c(11.8369, 57.79141);0,163
0;c(14.37231, 62.47879);0,72
0;c(13.92351, 57.48841);0,239
0;c(12.51053, 59.21724);0,642
0;c(14.61595, 57.92482);0,333
0;c(15.05243, 63.41785);0,543
0;c(14.74586, 63.29058);0,491
0;c(14.89013, 63.40081);0,895
0;c(17.61276, 60.13426);0,311
0;c(12.73616, 57.86145);0,173
0;c(11.98221, 59.03445);0,471
0;c(12.2933, 59.11559);0,306
0;c(12.29381, 59.11569);0,306
0;c(18.31571, 59.88992);0,432
0;c(16.02513, 58.26268);0,114
0;c(15.80483, 58.5876);0,341
0;c(14.65042, 56.25034);0,278
0;c(14.70469, 58.11796);0,149
0;c(15.16672, 57.22799);0,281
0;c(17.24325, 60.11416);0,218
0;c(12.00541, 59.18481);0,437
0;c(13.35957, 58.08882);0,21
0;c(15.27731, 57.80671);0,226
0;c(15.16672, 57.22799);0,281
0;c(11.98221, 59.03445);0,471
0;c(15.16672, 57.22799);0,281
0;c(17.37636, 59.98551);0,204
0;c(15.80948, 58.59837);0,341
0;c(12.78883, 57.85642);0,185
0;c(17.61276, 60.13426);0,311
0;c(12.44185, 59.09119);0,408
0;c(17.98635, 60.33306);0,192
0;c(15.72564, 62.28486);0,82
0;c(11.41356, 58.42677);0,36
0;c(11.75028, 57.64768);0,45
0;c(13.60099, 58.1327);0,251
0;c(17.38033, 59.98896);0,204
0;c(17.67245, 60.16324);0,318
0;c(14.703, 63.18628);0,463
0;c(14.45656, 63.24282);0,63
0;c(18.0475, 60.30247);0,298
0;c(15.16672, 57.22799);0,281
0;c(17.36987, 60.00391);0,222
0;c(12.78883, 57.85642);0,185
0;c(18.82628, 60.07604);0,474
0;c(12.87713, 57.55753);0,18
0;c(18.74352, 59.97795);0,327
0;c(14.78927, 63.13624);0,492
0;c(14.42791, 57.80822);0,484
0;c(16.7522, 58.30868);0,237
0;c(15.44121, 61.69985);0,624
0;c(12.5752, 57.75772);0,192
0;c(15.34162, 57.82629);0,327
0;c(17.9383, 60.42278);0,332
0;c(12.96449, 58.04374);0,259
0;c(18.8342, 59.95376);0,36
0;c(14.30563, 63.30245);0,686
0;c(15.80948, 58.59837);0,341
0;c(16.48364, 59.91264);0,502
0;c(13.46455, 58.1159);0,303
0;c(18.126, 60.13234);0,33
0;c(14.37048, 63.3562);0,713
0;c(15.16672, 57.22799);0,281
0;c(12.0007, 59.1958);0,437
0;c(16.77518, 58.53332);0,139
0;c(15.24213, 58.09221);0,367
0;c(12.53384, 57.80608);0,337
0;c(15.82323, 58.58985);0,341
0;c(11.25283, 58.40141);0,4
0;c(12.87723, 57.5573);0,18
0;c(14.55899, 63.26888);0,279
0;c(14.89745, 63.07449);0,703
0;c(14.46462, 63.35344);0,372
0;c(12.28988, 59.10121);0,242
0;c(15.42243, 62.11713);0,705
0;c(12.83688, 57.39488);0,416
0;c(18.60744, 59.89046);0,004
0;c(14.32265, 63.28976);0,357
0;c(13.44313, 57.87151);0,168
0;c(13.71313, 58.28587);0,133
0;c(16.70483, 58.3832);0,508
0;c(17.95765, 60.3148);0,295
0;c(17.55527, 60.19863);0,366
0;c(15.94507, 58.07882);0,171
0;c(15.61059, 62.61106);0,554
0;c(14.39893, 57.6274);0,486
0;c(16.48364, 59.91264);0,502
0;c(14.79485, 63.09166);0,801
0;c(11.75236, 58.07312);1
0;c(17.83521, 60.16335);0,316
0;c(14.999, 62.92681);0,723
0;c(15.69414, 57.82261);0,208
0;c(18.25493, 60.2358);0,47
0;c(13.71592, 58.28641);0,133
0;c(14.65042, 56.25034);0,278
0;c(13.8682, 63.4072);0,45
0;c(13.96042, 63.38586);0,626
0;c(13.71398, 58.28577);0,133
0;c(16.01981, 58.25672);0,114
0;c(16.07486, 59.80197);0,599
0;c(17.48087, 62.52252);0,388
0;c(15.66625, 58.93226);0,537
0;c(15.61041, 62.61128);0,554
0;c(17.36987, 60.00391);0,222
0;c(14.999, 62.92681);0,723
0;c(13.70582, 58.24069);0,164
0;c(13.87311, 63.39652);0,45
0;c(13.52247, 58.17263);0,453
0;c(16.03358, 57.59938);0,192
0;c(15.66625, 58.93226);0,537
0;c(17.13161, 59.59482);0,345
0;c(16.77134, 58.52024);0,139
0;c(14.06739, 63.36257);0,736
0;c(13.85809, 63.4078);0,45
0;c(18.11273, 60.12107);0,298
0;c(14.5295, 58.73718);0,189
0;c(17.61285, 60.55962);0,341
0;c(17.9844, 60.26238);0,178
0;c(16.66593, 58.39093);0,385
0;c(18.50924, 60.35231);0,998
0;c(15.06703, 58.56598);0,351
0;c(14.30563, 63.30245);0,686
0;c(15.01777, 57.72694);0,114
0;c(14.50925, 57.64794);0,382
0;c(15.52557, 59.3343);0,174
0;c(13.58599, 57.89433);0,413
0;c(15.43107, 57.71392);0,369
0;c(17.98635, 60.33306);0,192
0;c(12.44185, 59.09119);0,408
0;c(16.68735, 62.31662);0,5
0;c(18.01359, 60.16147);0,271
0;c(14.81045, 63.12914);0,741
0;c(12.67604, 62.44035);0,865
0;c(15.35292, 57.05929);0,554
0;c(11.26633, 58.56763);0,372
0;c(14.13952, 63.35378);0,554
0;c(15.34162, 57.82629);0,327
0;c(14.9037, 63.11595);0,7
0;c(14.61595, 57.92482);0,333
0;c(15.67753, 57.04045);0,593
0;c(15.69, 57.8258);0,208
0;c(13.86931, 63.40771);0,45
0;c(14.92519, 57.83602);0,164
0;c(13.94205, 63.39459);0,449
0;c(18.50924, 60.35231);0,998
0;c(17.67245, 60.16324);0,318
0;c(14.47192, 63.22728);0,757
0;c(11.4846, 58.26265);1
0;c(16.7522, 58.30868);0,237
0;c(17.39675, 59.84669);0,224
0;c(18.46027, 63.16201);0,638
0;c(13.70582, 58.24069);0,164
0;c(15.06673, 58.57655);0,351
0;c(17.31537, 60.39725);0,685
0;c(13.62836, 58.16959);0,281
0;c(15.82048, 58.59035);0,341
0;c(11.96975, 58.03617);0,102
0;c(14.1727, 63.4613);0,541
0;c(13.85825, 63.40609);0,45
0;c(15.04268, 58.15358);0,209
0;c(15.5969, 62.59134);0,554
0;c(13.62845, 58.16961);0,281
0;c(14.40406, 62.60696);0,558
0;c(16.01971, 58.25669);0,114
0;c(18.74313, 59.97786);0,327
0;c(18.126, 60.13234);0,33
0;c(16.64947, 62.21383);0,753
0;c(11.8369, 57.79141);0,163
0;c(16.02299, 58.63769);0,151
0;c(15.82323, 58.58985);0,341
0;c(14.71668, 63.17128);0,626
0;c(15.30665, 58.38909);0,09
0;c(18.27558, 60.25792);0,115
0;c(13.71313, 58.28587);0,133
0;c(14.64198, 57.57847);0,406
0;c(13.62845, 58.16961);0,281
0;c(15.00296, 62.92593);0,772
0;c(18.74352, 59.97795);0,327
0;c(17.37636, 59.98551);0,204
0;c(16.00417, 59.71853);0,541
0;c(17.61788, 58.99586);0,014
0;c(11.62996, 57.95273);0,302
0;c(14.21349, 58.29358);0,295
0;c(11.25283, 58.40141);0,4
0;c(13.96794, 63.38712);0,626
0;c(11.54274, 58.05906);0,315
0;c(17.92366, 60.1499);0,291
0;c(14.92038, 57.25013);0,215
0;c(13.87582, 63.39539);0,467
0;c(18.40703, 60.43427);0,255
0;c(15.0069, 62.94069);0,772
0;c(11.83712, 57.79149);0,163
0;c(14.21349, 58.29358);0,295
0;c(15.90134, 62.85327);0,541
0;c(16.03358, 57.59938);0,192
0;c(11.31906, 58.37732);0,353
0;c(16.16473, 59.94258);0,614
0;c(15.61041, 62.61128);0,554
0;c(18.62477, 59.90518);0,025
0;c(11.34052, 58.43646);0,383
0;c(18.62536, 59.9058);0,187
0;c(14.70469, 58.11796);0,149
0;c(13.70495, 58.24133);0,164
0;c(17.80482, 62.5409);0,266
0;c(11.58478, 57.97526);0,35
0;c(11.55861, 58.04181);0,315
0;c(15.24213, 58.09221);0,367
0;c(14.38915, 63.2488);0,642
0;c(18.61413, 59.6604);0,013
0;c(18.73388, 59.62096);1
0;c(17.37986, 59.98897);0,204
0;c(15.34162, 57.82629);0,327
0;c(13.77904, 63.56621);0,711
0;c(13.75707, 58.10371);0,3
0;c(18.40597, 59.70604);0,417
0;c(13.91006, 63.47416);0,44
0;c(13.74881, 58.45398);0,22
0;c(18.5519, 59.73716);0,223
0;c(14.38092, 59.04851);0,148
0;c(14.82233, 63.09404);0,801
0;c(13.38392, 58.56709);0,144
0;c(18.72915, 59.62343);1
0;c(16.73597, 59.3174);0,255
0;c(13.60105, 58.29773);0,124
0;c(13.55782, 58.60076);0,134
0;c(13.60563, 58.13997);0,251
0;c(13.39702, 58.58706);0,233
0;c(14.74773, 63.29298);0,46
0;c(17.49376, 62.62783);0,588
0;c(15.73537, 59.94216);0,67
0;c(13.77223, 58.22625);0,092
0;c(13.88207, 62.43542);0,7
0;c(14.08239, 58.84866);0,067
0;c(18.48952, 59.63249);0,036
0;c(13.75032, 58.4576);0,251
0;c(13.60016, 58.25573);0,122
0;c(14.94072, 57.96255);0,205
0;c(18.61413, 59.6604);0,013
0;c(15.12491, 57.67296);0,125
0;c(12.48948, 58.87399);0,318
0;c(13.70307, 58.30929);0,075
0;c(15.12832, 57.67437);0,127
0;c(14.90007, 57.86277);0,225
0;c(14.991, 57.22654);0,176
0;c(14.59902, 57.87028);0,356
0;c(13.73798, 58.2429);0,108
0;c(13.9002, 57.88232);0,315
0;c(18.51448, 59.75841);0,024
0;c(14.00479, 63.46472);0,769
0;c(17.69059, 62.51763);0,651
0;c(16.74809, 59.35733);0,272
0;c(14.37048, 63.3562);0,713
0;c(13.18507, 63.31725);0,768
0;c(18.72915, 59.62343);1
0;c(13.97273, 57.94421);0,142
0;c(16.73724, 59.33166);0,255
0;c(15.81109, 58.33059);0,144
0;c(13.78734, 58.32941);0,119
0;c(13.9744, 58.08352);0,064
0;c(18.36633, 59.70135);0,512
0;c(14.39475, 63.26555);0,254
0;c(18.40058, 59.63546);0,107
0;c(18.39933, 59.63508);0,107
0;c(15.11647, 62.96428);0,625
0;c(13.20662, 63.34279);0,904
0;c(14.60087, 63.01733);0,413
0;c(13.60067, 58.25609);0,122
0;c(18.48952, 59.63249);0,036
0;c(16.03358, 57.59938);0,192
0;c(18.4002, 59.63512);0,107
0;c(14.08146, 58.84852);0,067
0;c(18.61846, 59.6612);0,013
0;c(16.00417, 59.71853);0,541
0;c(13.7007, 58.28436);0,124
0;c(15.15711, 61.13329);0,679
0;c(13.59403, 58.53047);0,286
0;c(14.65903, 63.23273);0,492
0;c(13.60004, 58.47666);0,126
0;c(11.17793, 58.73493);0,784
0;c(18.07394, 59.68792);0,158
0;c(13.46329, 58.11595);0,303
0;c(15.11871, 62.9679);0,625
0;c(16.60782, 62.18704);0,372
0;c(13.39845, 58.58979);0,233
0;c(13.60251, 58.13542);0,251
0;c(13.80296, 58.36852);0,171
0;c(15.69, 57.8258);0,208
0;c(18.40597, 59.70604);0,417
0;c(14.30563, 63.30245);0,686
0;c(13.78038, 58.462);0,192
0;c(13.62869, 58.16961);0,281
0;c(15.7955, 60.03182);0,756
0;c(13.59454, 58.53074);0,286
0;c(14.84156, 63.09272);0,821
0;c(16.07486, 59.80197);0,599
0;c(13.76689, 63.38111);0,771
0;c(14.55936, 57.90457);0,402
0;c(18.78626, 59.92836);0,285
0;c(14.13631, 58.27038);0,299
0;c(14.45113, 62.82695);0,648
0;c(13.4015, 58.59703);0,233
0;c(13.44526, 58.20873);0,149
0;c(15.67725, 57.04029);0,593
0;c(12.93502, 63.13064);0,865
0;c(14.9721, 57.91799);0,238
0;c(15.7955, 60.03182);0,756
0;c(17.6967, 59.08508);1
0;c(13.74553, 58.2553);0,133
0;c(13.5727, 58.47529);0,315
0;c(14.94715, 63.46289);0,579
0;c(18.2055, 59.77738);0,41
0;c(13.60043, 58.13249);0,251
0;c(11.25475, 58.41699);1
0;c(18.40597, 59.70604);0,417
0;c(14.71987, 58.1107);0,112
0;c(15.00187, 57.98505);0,113
0;c(15.06673, 58.57655);0,351
0;c(18.51227, 59.75531);0,024
0;c(14.89745, 63.07449);0,703
0;c(15.08121, 62.97532);0,401
0;c(14.64198, 57.57847);0,406
0;c(18.39745, 59.58524);0,061
0;c(15.13239, 62.97299);0,736
0;c(13.73888, 58.24368);0,108
0;c(14.47192, 63.22728);0,757
0;c(11.25643, 58.55245);0,372
0;c(13.3847, 58.56959);0,144
0;c(13.95493, 63.50889);0,581
0;c(18.18409, 59.62744);0,476
0;c(18.52773, 59.75051);0,024
0;c(18.20753, 59.57994);0,316
0;c(15.08153, 62.9766);0,401
0;c(14.25278, 57.432);0,369
0;c(14.37601, 59.05267);0,148
0;c(18.75151, 59.26005);0,182
0;c(13.49149, 58.62937);0,122
0;c(14.84335, 63.0948);0,821
0;c(13.93709, 57.94687);0,181
0;c(13.38383, 58.57388);0,144
0;c(14.61595, 57.92482);0,333
0;c(18.36704, 59.70189);0,512
0;c(15.08187, 62.97269);0,401
0;c(16.22961, 56.90655);0,144
0;c(18.63101, 59.70494);0,033
0;c(18.20753, 59.57994);0,316
0;c(18.06316, 59.69497);0,158
0;c(15.14941, 62.71494);0,772
0;c(14.33464, 58.49706);0,249
0;c(15.26748, 63.03816);0,639
0;c(14.76981, 63.12809);0,492
0;c(15.67509, 57.03989);0,593
0;c(18.75069, 59.26053);0,182
0;c(13.6025, 58.29719);0,124
0;c(15.67753, 57.04045);0,593
0;c(17.38033, 59.98896);0,204
0;c(14.07155, 58.84947);0,067
0;c(15.13184, 62.97293);0,736
0;c(12.93046, 63.1287);0,865
0;c(14.32265, 63.28976);0,357
0;c(14.93967, 57.84832);0,164
0;c(14.62354, 63.01307);0,413
0;c(15.74604, 59.98598);0,687
0;c(18.20601, 59.77832);0,41
0;c(14.96631, 57.95327);0,061
0;c(14.74586, 63.29058);0,491
0;c(13.77772, 63.56607);0,711
0;c(14.58957, 63.3809);0,552
0;c(18.11172, 59.77544);0,514
0;c(18.52773, 59.75051);0,024
0;c(16.72703, 59.3697);0,272
0;c(13.92549, 63.49008);0,521
0;c(14.92038, 57.25013);0,215
0;c(18.51227, 59.75531);0,024
0;c(11.79532, 57.56701);1
0;c(15.04356, 63.42035);0,543
0;c(18.87233, 59.95442);0,36
0;c(14.1361, 58.27104);0,299
0;c(15.39651, 58.21975);0,47
0;c(18.68478, 59.87748);0,163
0;c(14.55331, 63.07358);0,376
0;c(14.60336, 63.33552);0,009
0;c(11.4846, 58.26265);1
0;c(18.6712, 59.86304);0,117
0;c(15.12879, 62.97281);0,736
0;c(14.30273, 57.79445);0,212
0;c(14.84126, 63.09408);0,821
0;c(14.79485, 63.09166);0,801
0;c(14.54495, 63.14662);0,476
0;c(15.01777, 57.72694);0,114
0;c(13.66049, 58.22312);0,257
0;c(18.52773, 59.75051);0,024
0;c(18.51227, 59.75531);0,024
0;c(15.26484, 63.56057);0,847
0;c(18.40597, 59.70604);0,417
0;c(13.71398, 58.28577);0,133
0;c(18.5204, 59.74403);0,122
0;c(15.79594, 60.03199);0,756
0;c(16.36361, 58.82973);0,235
0;c(14.78637, 58.12384);0,113
0;c(16.32426, 58.82454);0,231
0;c(14.5334, 63.35676);0,365
0;c(14.07311, 58.10536);0,125
0;c(16.56928, 59.91349);0,405
0;c(16.76442, 62.25365);0,711
0;c(18.22843, 59.68183);0,42
0;c(18.52446, 59.72785);0,122
0;c(12.48948, 58.87399);0,318
0;c(14.55899, 63.26888);0,279
0;c(15.35292, 57.05929);0,554
0;c(15.05243, 63.41785);0,543
0;c(16.91997, 62.20939);0,693
0;c(18.46027, 63.16201);0,638
0;c(18.61662, 59.66174);0,013
0;c(17.96355, 59.69574);0,15
0;c(18.14162, 63.3925);0,744
0;c(15.11788, 63.00464);0,551
0;c(14.92519, 57.83602);0,164
0;c(13.80973, 58.03972);0,223
0;c(13.49227, 58.62923);0,122
0;c(14.40406, 62.60696);0,558
0;c(13.35025, 58.56732);0,197
0;c(16.25236, 59.05032);0,294
0;c(13.00916, 58.552);0,365
0;c(13.70582, 58.24069);0,164
0;c(13.97564, 58.11079);0,064
0;c(16.84032, 59.0283);0,337
0;c(14.90028, 57.85818);0,225
0;c(18.8342, 59.95376);0,36
0;c(13.17464, 63.36371);0,904
0;c(15.74604, 59.98598);0,687
0;c(14.05053, 63.50557);0,857
0;c(14.56514, 57.66666);0,349
0;c(18.42321, 60.20131);0,619
0;c(15.04583, 58.15501);0,209
0;c(15.16664, 57.22797);0,307
0;c(16.77025, 58.44054);0,364
0;c(14.65339, 57.97478);0,095
0;c(18.20601, 59.77832);0,41
0;c(14.70391, 63.18055);0,463
0;c(16.48364, 59.91264);0,502
0;c(15.29574, 58.76372);0,365
0;c(15.42609, 58.28016);0,278
0;c(14.50925, 57.64794);0,382
0;c(16.64673, 60.01445);0,38
0;c(18.44106, 60.28811);0,6
0;c(15.22612, 58.10722);0,367
0;c(14.703, 63.18628);0,463
0;c(18.93172, 59.87948);0,597
0;c(17.16576, 62.49192);0,674
0;c(13.97441, 63.49588);0,793
0;c(12.83791, 57.39415);0,416
0;c(15.39492, 57.74837);0,432
0;c(15.06784, 58.57471);0,351
0;c(18.48952, 59.63249);0,036
0;c(14.76981, 63.12809);0,492
0;c(15.55348, 57.37306);0,236
0;c(15.79594, 60.03199);0,756
0;c(15.11788, 63.00464);0,551
0;c(15.33663, 57.39277);0,319
0;c(12.53384, 57.80608);0,337
0;c(17.69219, 59.07844);1
0;c(14.51107, 57.64618);0,382
0;c(18.6653, 59.97447);0,22
0;c(15.24213, 58.09221);0,367
0;c(15.063, 58.56768);0,351
0;c(18.42922, 60.22886);0,535
0;c(16.27385, 58.59887);0,279
0;c(14.37231, 62.47879);0,72
0;c(11.58478, 57.97526);0,35
0;c(11.87877, 57.68409);0,223
0;c(18.51433, 59.75834);0,024
0;c(14.81809, 63.33021);0,522
0;c(11.91012, 57.84503);0,161
0;c(17.87355, 59.18158);0,054
0;c(11.69229, 57.98445);1
0;c(14.70469, 58.11796);0,149
0;c(15.34162, 57.82629);0,327
0;c(18.3352, 59.85915);0,431
0;c(13.60105, 58.29773);0,124
0;c(12.67424, 57.89403);0,1
0;c(13.36522, 55.69829);0,539
0;c(14.5696, 57.66803);0,345
0;c(15.77032, 58.35733);0,119
0;c(15.26922, 58.31654);0,103
0;c(16.22961, 56.90655);0,144
0;c(16.78007, 58.51936);0,139
0;c(15.063, 58.56768);0,351
0;c(17.5918, 60.56591);0,341
0;c(15.96454, 59.98068);0,385
0;c(18.74352, 59.97795);0,327
0;c(15.69414, 57.82261);0,208
0;c(17.54854, 58.97132);0,016
0;c(16.66593, 58.39093);0,385
0;c(14.57045, 57.65917);0,349
0;c(18.83463, 59.95364);0,36
0;c(16.32777, 59.95802);0,795
0;c(13.20874, 57.50102);0,372
0;c(15.83182, 58.71337);0,181
0;c(15.78077, 58.34637);0,119
0;c(18.96035, 59.81432);0,61
0;c(15.06673, 58.57655);0,351
0;c(16.72931, 58.17096);0,279
0;c(13.94121, 58.03266);0,26
0;c(15.81666, 57.8791);0,102
0;c(16.10844, 57.34781);0,106
0;c(14.64198, 57.57847);0,406
0;c(18.51448, 59.75841);0,024
0;c(15.53702, 58.80368);0,216
0;c(16.64687, 58.44614);1
0;c(14.39893, 57.6274);0,486
0;c(12.69472, 56.37606);0,364
0;c(14.75693, 63.14175);0,492
0;c(14.7218, 63.16974);0,626
0;c(15.44461, 58.31698);0,111
0;c(17.87346, 59.18165);0,054
0;c(16.14603, 62.34802);0,548
0;c(18.06887, 59.48577);0,201
0;c(15.82518, 59.00459);0,275
0;c(15.66625, 58.93226);0,537
0;c(12.75495, 57.9778);0,13
0;c(14.65903, 63.23273);0,492
0;c(18.2055, 59.77738);0,41
0;c(15.83424, 57.18923);0,04
0;c(15.81109, 58.33059);0,144
0;c(15.01777, 57.72694);0,114
0;c(16.3277, 59.9582);0,795
0;c(14.53192, 57.66486);0,382
0;c(15.76339, 58.63491);0,252
0;c(18.42636, 60.20147);0,619
0;c(17.6967, 59.08508);1
0;c(15.01777, 57.72694);0,114
0;c(16.11176, 57.3478);0,106
0;c(13.06023, 63.21584);0,811
0;c(18.74339, 59.978);0,327
0;c(15.80117, 57.20001);0,022
0;c(15.14537, 62.7263);0,772
0;c(15.56691, 58.68433);0,18
0;c(11.36754, 58.43291);0,383
0;c(14.68152, 58.10501);0,149
0;c(18.61667, 59.56128);0,051
0;c(15.08498, 58.74404);0,425
0;c(18.44106, 60.28811);0,6
0;c(15.56898, 58.68299);0,18
0;c(17.69281, 59.07833);1
0;c(15.36041, 57.91135);0,146
0;c(14.97606, 57.92454);0,238
0;c(12.97564, 63.1108);0,843
0;c(15.40236, 58.8295);0,323
0;c(14.96274, 57.95622);0,061
0;c(15.56307, 58.19563);0,775
0;c(14.65408, 57.68313);0,19
0;c(12.77991, 57.3281);0,393
0;c(15.07002, 58.31498);0,198
0;c(13.41969, 57.51228);0,13
0;c(15.51346, 58.83181);0,216
0;c(15.8345, 62.57062);0,71
0;c(15.89261, 57.96448);0,167
0;c(14.7467, 58.20862);0,113
0;c(16.30878, 62.29174);0,601
0;c(16.63781, 58.49429);0,18
0;c(15.696, 58.86047);0,357
0;c(12.69986, 56.37259);1
0;c(14.69858, 58.09383);0,149
0;c(16.73724, 59.33166);0,255
0;c(18.42636, 60.20147);0,619
0;c(14.30563, 63.30245);0,686
0;c(14.66169, 58.12228);0,11
0;c(14.56289, 57.6642);0,349
0;c(17.80482, 62.5409);0,266
0;c(15.54777, 58.23711);0,269
0;c(15.40073, 58.0921);0,133
0;c(14.88873, 58.13327);0,076
0;c(15.17265, 62.96752);0,683
0;c(11.53563, 57.97332);1
0;c(18.8342, 59.95376);0,36
0;c(13.46329, 58.11595);0,303
0;c(14.70008, 63.19466);0,463
0;c(18.93172, 59.87948);0,597
0;c(14.34769, 57.92254);0,255
0;c(18.95905, 59.81287);0,61
0;c(15.66625, 58.93226);0,537
0;c(13.46328, 58.11596);0,303
0;c(17.6473, 58.97208);0,043
0;c(15.69, 57.8258);0,208
0;c(14.04399, 57.85081);0,126
0;c(14.76875, 58.26683);0,097
0;c(15.65708, 58.84427);0,325
0;c(14.32265, 63.28976);0,357
0;c(14.60382, 63.36904);0,255
0;c(15.61982, 58.23526);0,154
0;c(15.79594, 60.03199);0,756
0;c(15.43107, 57.71392);0,369
0;c(15.60225, 58.88908);0,298
0;c(15.98567, 62.27872);0,596
0;c(18.05355, 60.48659);0,378
0;c(17.64695, 58.9722);0,043
0;c(15.76179, 58.30293);0,132
0;c(11.40795, 58.3971);1
0;c(16.32689, 58.28965);0,297
0;c(16.56928, 59.91349);0,405
0;c(18.96173, 59.81503);0,61
0;c(17.71131, 59.50261);0,337
0;c(15.23586, 58.0816);0,348
0;c(18.46027, 63.16201);0,638
0;c(18.42636, 60.20147);0,619
0;c(18.14162, 63.3925);0,744
0;c(16.56475, 59.90275);0,405
0;c(15.36563, 58.28436);0,287
0;c(16.70483, 58.3832);0,508
0;c(15.3636, 58.28457);0,287
0;c(18.9623, 59.81519);0,61
0;c(16.91589, 62.20124);0,586
0;c(17.58583, 60.56821);0,341
0;c(14.71668, 63.17128);0,626
0;c(14.76078, 57.58231);0,177
0;c(11.76217, 58.05007);1
0;c(17.71131, 59.50261);0,337
0;c(13.20744, 57.42553);0,562
0;c(14.59951, 63.3694);0,255
0;c(14.91623, 58.36494);0,233
0;c(14.04143, 56.8105);0,166
0;c(14.73031, 58.13569);0,085
0;c(16.22961, 56.90655);0,144
0;c(15.30665, 58.38909);0,09
0;c(18.8507, 59.80063);0,28
0;c(18.48952, 59.63249);0,036
0;c(17.26272, 58.75852);0,096
0;c(17.12758, 58.95759);0,061
0;c(18.61662, 59.66174);0,013
0;c(17.70927, 59.50466);0,337
0;c(16.13181, 57.36122);0,238
0;c(11.36754, 58.43291);0,383
0;c(16.08213, 57.38288);0,049
0;c(11.19553, 58.74851);0,784
0;c(14.45202, 57.78408);0,474
0;c(18.64421, 59.52395);0,098
0;c(15.24213, 58.09221);0,367
0;c(16.50057, 62.19583);0,365
0;c(16.01066, 61.57028);0,631
0;c(17.6967, 59.08508);1
0;c(16.59496, 62.0582);0,539
0;c(15.72328, 62.28496);0,82
0;c(18.68478, 59.87748);0,163
0;c(16.77134, 58.52024);0,139
0;c(15.22612, 58.10722);0,367
0;c(14.70469, 58.11796);0,149
0;c(16.56475, 59.90275);0,405
0;c(18.43747, 59.99313);0,439
0;c(16.98994, 58.74251);0,307
0;c(15.15711, 61.13329);0,679
0;c(12.47578, 59.44612);0,608
0;c(18.13969, 59.957);0,393
0;c(16.64524, 62.53564);0,748
0;c(16.17007, 61.13163);0,622
0;c(11.67125, 57.6812);1
0;c(17.61326, 59.61658);0,208
0;c(18.51448, 59.75841);0,024
0;c(15.17983, 58.19289);0,146
0;c(16.24749, 60.27056);0,644
0;c(18.62477, 59.90518);0,025
0;c(11.58647, 57.86457);1
0;c(18.36633, 59.70135);0,512
0;c(18.39933, 59.63508);0,107
0;c(15.55348, 57.37306);0,236
0;c(16.70483, 58.3832);0,508
0;c(18.51227, 59.75531);0,024
0;c(16.46253, 58.98111);0,216
0;c(15.08573, 57.91714);0,156
0;c(11.61554, 57.76577);0,47
0;c(13.39196, 55.65154);0,518
0;c(15.06605, 60.32886);0,478
0;c(14.60382, 63.36904);0,255
0;c(17.64695, 58.9722);0,043
0;c(16.64673, 60.01445);0,38
0;c(18.20753, 59.57994);0,316
0;c(18.20526, 59.77626);0,41
0;c(17.19655, 58.74579);0,098
0;c(18.6712, 59.86304);0,117
0;c(11.26652, 58.5676);0,372
0;c(14.8864, 58.13308);0,076
0;c(17.59757, 60.63488);1
0;c(14.25307, 59.84533);0,617
0;c(16.96527, 58.67563);0,075
0;c(15.00638, 58.23172);0,031
0;c(16.85495, 62.13964);0,588
0;c(18.8367, 59.95455);0,36
0;c(18.72915, 59.62343);1
0;c(14.68152, 58.10501);0,149
0;c(16.5704, 62.05108);0,856
0;c(12.60808, 59.32566);0,652
0;c(18.19677, 63.03641);0,332
0;c(14.8339, 59.24595);0,435
0;c(16.4592, 62.0911);0,824
0;c(13.97354, 61.16534);0,739
0;c(16.61449, 62.1852);0,372
0;c(17.80482, 62.5409);0,266
0;c(18.61413, 59.6604);0,013
0;c(17.41491, 59.50671);0,254
0;c(15.79594, 60.03199);0,756
0;c(17.32197, 58.88893);0,051
0;c(16.93412, 62.15936);0,741
0;c(14.8538, 57.87297);0,491
0;c(15.27731, 57.80671);0,226
0;c(15.72425, 60.14072);0,91
0;c(15.33718, 57.39328);0,319
0;c(14.47192, 63.22728);0,757
0;c(15.16094, 58.09065);0,423
0;c(17.38486, 59.98335);0,204
0;c(15.34162, 57.82629);0,327
0;c(15.04583, 58.15501);0,209
0;c(18.48464, 59.62964);0,036
0;c(16.2323, 62.22741);0,596
0;c(14.07656, 59.38097);0,433
0;c(16.27385, 58.59887);0,279
0;c(16.15761, 61.035);0,54
0;c(16.27847, 62.22798);0,834
0;c(18.5519, 59.73716);0,223
0;c(14.999, 62.92681);0,723
0;c(15.43107, 57.71392);0,369
0;c(16.17405, 61.12933);0,622
0;c(17.32753, 58.77842);0,074
0;c(15.05699, 57.87062);0,304
0;c(14.37048, 63.3562);0,713
0;c(16.39664, 58.58552);1
0;c(12.51653, 59.07699);0,429
0;c(16.56928, 59.91349);0,405
0;c(13.08263, 63.3179);0,898
0;c(15.42247, 62.11713);0,705
0;c(17.69281, 59.07833);1
0;c(16.84032, 59.0283);0,337
0;c(11.60915, 57.77274);0,787
0;c(12.46024, 59.07533);0,412
0;c(16.96208, 58.67557);0,075
0;c(11.18101, 58.74692);0,784
0;c(17.40955, 58.81828);0,025
0;c(18.23118, 60.29734);0,491
0;c(14.78637, 58.12384);0,113
0;c(15.14537, 62.7263);0,772
0;c(14.04175, 56.81083);0,202
0;c(16.59364, 62.0601);0,539
0;c(16.64673, 60.01445);0,38
0;c(14.37006, 59.7833);0,712
0;c(14.38019, 62.96706);0,606
0;c(17.38486, 59.98335);0,204
0;c(12.81766, 59.88454);0,631
0;c(14.93066, 57.78356);0,21
0;c(14.84912, 60.41115);0,854
0;c(16.17171, 57.3638);0,31
0;c(18.4709, 59.07512);1
0;c(14.39475, 63.26555);0,254
0;c(15.18345, 58.19501);0,146
0;c(17.2384, 58.73691);0,106
0;c(14.05546, 59.41481);0,433
0;c(16.14603, 62.34802);0,548
0;c(11.18, 58.74702);0,784
0;c(16.15, 57.35219);0,238
0;c(18.8342, 59.95376);0,36
0;c(18.95905, 59.81287);0,61
0;c(17.54854, 58.97132);0,016
0;c(14.37043, 59.78329);0,712
0;c(18.9623, 59.81519);0,61
0;c(11.257, 58.55258);0,372
0;c(18.74357, 59.97795);0,327
0;c(12.78143, 57.32709);0,393
0;c(16.25783, 58.94909);0,361
0;c(13.9275, 61.21663);0,822
0;c(18.73388, 59.62096);1
0;c(13.36322, 55.6982);0,539
0;c(17.35367, 58.89919);0,047
0;c(11.40359, 58.39525);1
0;c(12.484, 59.409);0,628
0;c(16.00971, 60.12413);0,67
0;c(16.16257, 57.34434);0,238
0;c(16.08544, 57.38198);0,046
0;c(14.62567, 63.36522);0,322
0;c(14.81809, 63.33021);0,522
0;c(14.64198, 57.57847);0,406
0;c(17.40886, 58.79476);0,025
0;c(12.44185, 59.09119);0,408
0;c(18.46027, 63.16201);0,638
0;c(18.28246, 59.82405);0,337
0;c(18.52773, 59.75051);0,024
0;c(18.60744, 59.89046);0,004
0;c(13.80341, 60.77287);0,785
0;c(16.17475, 57.33506);0,31
0;c(15.63999, 61.91869);0,533
0;c(12.47584, 59.44558);0,608
0;c(14.32265, 63.28976);0,357
0;c(14.73031, 58.13569);0,085
0;c(16.72359, 58.45085);0,347
0;c(14.9721, 57.91799);0,238
0;c(18.4002, 59.63512);0,107
0;c(15.36041, 57.91135);0,146
0;c(14.8538, 57.87297);0,491
0;c(15.81109, 58.33059);0,144
0;c(14.88873, 58.13327);0,076
0;c(18.44106, 60.28811);0,6
0;c(17.37844, 59.98731);0,204
0;c(14.37006, 59.7833);0,712
0;c(14.59951, 63.3694);0,255
0;c(15.00296, 62.92593);0,772
0;c(16.74066, 58.52809);0,092
0;c(17.65433, 59.57132);0,191
0;c(15.72567, 62.28486);0,82
0;c(17.24563, 58.7632);0,091
0;c(18.06887, 59.48577);0,201
0;c(16.42624, 62.20002);0,57
0;c(17.37844, 59.98731);0,204
0;c(15.45562, 61.70045);0,624
0;c(18.28354, 59.82354);0,337
0;c(16.64687, 58.44614);1
0;c(14.999, 62.92681);0,723
0;c(16.16167, 57.35665);0,238
0;c(16.51307, 62.17054);0,365
0;c(16.36361, 58.82973);0,235
0;c(16.01334, 61.56939);0,631
0;c(16.86276, 58.94791);0,3
0;c(18.62536, 59.9058);0,187
0;c(14.42465, 55.99423);1
0;c(14.9037, 63.11595);0,7
0;c(15.25301, 61.11692);0,753
0;c(18.28439, 59.8242);0,337
0;c(18.11172, 59.77544);0,514
0;c(15.18323, 60.33492);0,794
0;c(16.0125, 62.23863);0,404
0;c(11.257, 58.55258);0,372
0;c(12.81785, 59.88384);0,631
0;c(15.23586, 58.0816);0,348
0;c(15.19569, 57.90783);0,372
0;c(18.80601, 60.02851);0,424
0;c(18.75197, 59.85787);0,12
0;c(15.22686, 61.65791);0,552
0;c(16.9122, 59.00971);0,188
0;c(15.06572, 60.22345);0,717
0;c(15.39492, 57.74837);0,432
0;c(15.11107, 57.96633);0,422
0;c(16.61669, 62.17939);0,372
0;c(16.19117, 59.0016);0,416
0;c(14.71987, 58.1107);0,112
0;c(17.65058, 59.57015);0,191
0;c(16.85763, 62.14176);0,588
0;c(12.87723, 57.5573);0,18
0;c(18.74352, 59.97795);0,327
0;c(18.52446, 59.72785);0,122
0;c(15.54339, 57.86732);0,235
0;c(15.54635, 62.72317);0,612
0;c(12.61023, 59.32632);0,652
0;c(16.17171, 57.36291);0,31
0;c(16.25272, 62.22303);0,834
0;c(15.54323, 57.86441);0,235
0;c(11.13279, 58.88446);1
0;c(17.59757, 60.63488);1
0;c(16.83928, 59.14734);0,247
0;c(15.1631, 61.7419);0,671
0;c(16.34892, 61.07203);0,482
0;c(15.15869, 61.73216);0,671
0;c(18.36704, 59.70189);0,512
0;c(11.19123, 58.7493);0,784
0;c(13.60455, 61.55033);0,65
0;c(15.36062, 57.43928);0,256
0;c(12.484, 59.409);0,628
0;c(18.41144, 60.42475);0,255
0;c(14.07247, 59.38016);0,433
0;c(17.32197, 58.88893);0,051
0;c(15.53995, 57.87211);0,174
0;c(18.28111, 59.82373);0,337
0;c(12.87474, 57.55667);0,172
0;c(16.22961, 56.90655);0,144
0;c(17.40886, 58.79476);0,025
0;c(18.06887, 59.48577);0,201
0;c(18.40597, 59.70604);0,417
0;c(18.29103, 59.82586);0,337
0;c(15.69308, 61.50315);0,797
0;c(16.42638, 58.85413);0,259
0;c(15.55821, 57.8173);0,175
0;c(16.01053, 61.57341);0,631
0;c(16.36458, 62.20192);0,597
0;c(15.54041, 57.87362);0,174
0;c(18.42715, 59.07079);0,174
0;c(18.20601, 59.77832);0,41
0;c(18.3639, 59.91419);0,434
0;c(14.93014, 57.78286);0,21
0;c(18.01988, 60.17212);0,361
0;c(17.69059, 62.51763);0,651
0;c(18.27181, 59.11122);0,169
0;c(15.69, 57.8258);0,208
0;c(15.46662, 57.75933);0,385
0;c(18.28093, 59.80518);0,337
0;c(15.04268, 58.15358);0,209
0;c(16.3579, 61.06524);0,482
0;c(14.30563, 63.30245);0,686
0;c(13.93718, 61.15224);0,635
0;c(16.47026, 61.2344);0,66
0;c(16.08379, 57.38378);0,046
0;c(17.91213, 59.73876);0,295
0;c(17.13161, 59.59482);0,345
0;c(15.75501, 61.46836);0,808
0;c(15.75575, 61.46733);0,808
0;c(16.08384, 57.39097);0,046
0;c(16.32426, 58.82454);0,231
0;c(17.08209, 58.7573);0,068
0;c(18.126, 60.13234);0,33
0;c(16.77518, 58.53332);0,139
0;c(14.66169, 58.12228);0,11
0;c(14.52188, 63.17208);0,863
0;c(17.40955, 58.81828);0,025
0;c(18.96173, 59.81503);0,61
0;c(16.24097, 62.21908);0,596
0;c(18.96035, 59.81432);0,61
0;c(16.66593, 58.39093);0,385
0;c(16.59072, 58.53937);0,17
0;c(16.33713, 62.14084);0,68
0;c(17.9844, 60.26238);0,178
0;c(17.19655, 58.74579);0,098
0;c(16.17005, 57.36381);0,31
0;c(16.70223, 58.56922);0,141
0;c(18.63101, 59.70494);0,033
0;c(14.75693, 63.14175);0,492
0;c(14.7229, 56.47042);0,059
0;c(11.25475, 58.41698);1
0;c(15.81666, 57.8791);0,102
0;c(17.62399, 58.9951);0,014
0;c(17.26272, 58.75852);0,096
0;c(16.25783, 58.94909);0,361
0;c(17.59295, 59.21889);0,239
0;c(17.66114, 58.96819);0,043
0;c(14.90438, 58.17951);0,193
0;c(17.80482, 62.5409);0,266
0;c(15.55845, 58.08804);0,259
0;c(14.86626, 58.1752);0,172
0;c(15.81109, 58.33059);0,144
0;c(17.58016, 60.57924);0,617
0;c(15.5969, 62.59134);0,554
0;c(18.10517, 60.2362);0,242
0;c(14.71668, 63.17128);0,626
0;c(15.69, 57.8258);0,208
0;c(15.84756, 57.25837);0,218
0;c(17.64592, 58.97125);0,043
0;c(12.67153, 60.30677);0,971
0;c(16.19117, 59.0016);0,416
0;c(18.61667, 59.56128);0,051
0;c(18.79665, 59.93294);0,327
0;c(15.42837, 58.06107);0,115
0;c(17.52564, 59.01459);0,026
0;c(15.82036, 57.85185);0,125
0;c(14.90759, 58.29137);0,102
0;c(11.25643, 58.55245);0,372
0;c(16.46868, 59.34509);0,42
0;c(18.74357, 59.97795);0,327
0;c(17.608, 60.5637);0,341
0;c(17.08209, 58.7573);0,068
0;c(18.3161, 59.89005);0,432
0;c(16.56928, 59.91349);0,405
0;c(17.57199, 59.08398);0,09
0;c(18.13969, 59.957);0,393
0;c(15.48943, 57.98048);0,106
0;c(15.34963, 58.07836);0,284
0;c(17.6967, 59.08508);1
0;c(17.63716, 58.99329);0,043
0;c(16.46756, 59.34499);0,42
0;c(17.60419, 59.05305);0,062
0;c(14.8613, 59.93381);0,492
0;c(17.68194, 59.05013);1
0;c(18.75607, 59.27002);0,182
0;c(17.64487, 58.93237);0,195
0;c(17.38486, 59.98335);0,204
0;c(18.20526, 59.77626);0,41
0;c(17.59266, 59.22082);0,239
0;c(17.62661, 59.05638);0,012
0;c(16.13395, 59.07454);0,401
0;c(17.56868, 59.22363);0,153
0;c(18.95905, 59.81287);0,61
0;c(18.75731, 59.27223);0,182
0;c(18.31571, 59.88992);0,432
0;c(17.61789, 58.9887);0,014
0;c(18.126, 60.13234);0,33
0;c(18.74352, 59.97795);0,327
0;c(16.96229, 58.67556);0,075
0;c(16.25236, 59.05032);0,294
0;c(18.41144, 60.42475);0,255
0;c(15.12491, 57.67296);0,125
0;c(17.64272, 58.98178);0,043
0;c(16.66554, 59.34472);0,369
0;c(14.34104, 59.89773);0,709
0;c(15.60885, 62.61195);0,554
0;c(15.48151, 58.01577);0,132
0;c(17.37633, 59.9859);0,204
0;c(17.608, 60.5637);0,341
0;c(18.78745, 59.28471);0,182
0;c(14.70391, 63.18055);0,463
0;c(12.13521, 59.37395);0,668
0;c(17.37208, 58.99979);0,041
0;c(14.54523, 57.62827);0,349
0;c(16.81477, 59.34482);0,52
0;c(17.2384, 58.73691);0,106
0;c(15.45311, 58.08596);0,141
0;c(17.65831, 58.94157);0,195
0;c(17.639, 58.98197);0,043
0;c(15.69, 57.30232);0,215
0;c(16.16945, 59.21346);0,258
0;c(17.40886, 58.79476);0,025
0;c(17.64153, 59.09997);1
0;c(17.59709, 60.6361);1
0;c(17.60983, 59.21817);0,239
0;c(17.41491, 59.50671);0,254
0;c(15.61059, 62.61106);0,554
0;c(17.37324, 59.0249);0,016
0;c(11.58647, 57.86457);1
0;c(15.40073, 58.0921);0,133
0;c(17.68118, 58.9154);1
0;c(17.67157, 58.9942);0,042
0;c(16.15443, 59.20525);0,213
0;c(17.5875, 58.96178);0,014
0;c(16.73597, 59.3174);0,255
0;c(14.45191, 57.78332);0,474
0;c(15.01335, 58.18064);0,121
0;c(15.74704, 57.93448);0,398
0;c(16.73724, 59.33166);0,255
0;c(15.69414, 57.82261);0,208
0;c(16.27385, 58.59887);0,279
0;c(15.32999, 57.62159);0,141
0;c(17.65493, 58.92003);0,195
0;c(12.00252, 59.18134);0,437
0;c(17.65808, 58.93633);0,195
0;c(18.07394, 59.68792);0,158
0;c(12.00588, 59.18462);0,437
0;c(17.65454, 58.94636);0,195
0;c(17.66923, 58.99136);0,042
0;c(17.52903, 59.03837);0,026
0;c(17.59709, 60.6361);1
0;c(17.66259, 58.92522);0,195
0;c(15.77689, 57.91596);0,151
0;c(15.74985, 57.22244);0,083
0;c(14.81809, 63.33021);0,522
0;c(12.46024, 59.07533);0,412
0;c(15.10763, 62.78838);0,686
0;c(17.64702, 58.9514);0,195
0;c(15.26202, 58.13551);0,162
0;c(12.32661, 58.84839);0,34
0;c(15.83148, 57.85976);0,125
0;c(17.19655, 58.74579);0,098
0;c(16.46982, 59.34484);0,42
0;c(15.12832, 57.67437);0,127
0;c(17.58016, 60.57924);0,617
0;c(11.10064, 58.9633);1
0;c(17.31537, 60.39725);0,685
0;c(16.7177, 59.35891);0,272
0;c(16.46253, 58.98111);0,216
0;c(16.22961, 56.90655);0,144
0;c(17.32197, 58.88893);0,051
0;c(18.93172, 59.87948);0,597
0;c(12.75028, 60.10997);0,726
0;c(18.9623, 59.81519);0,61
0;c(11.16746, 58.80542);0,847
0;c(15.2813, 58.22146);0,171
0;c(12.64984, 60.22106);0,609
0;c(15.48943, 57.98048);0,106
0;c(16.69373, 59.32828);0,306
0;c(16.52183, 56.74218);0,487
0;c(18.96035, 59.81432);0,61
0;c(17.61403, 58.9664);0,014
0;c(15.82051, 57.88679);0,102
0;c(17.37844, 59.98731);0,204
0;c(17.61326, 59.61658);0,208
0;c(14.45202, 57.78408);0,474
0;c(16.84541, 59.1536);0,247
0;c(15.74704, 57.93448);0,398
0;c(18.79668, 59.93304);0,327
0;c(16.16932, 59.21335);0,258
0;c(17.47712, 59.10788);0,081
0;c(12.32074, 59.59471);0,702
0;c(17.69085, 58.99345);0,042
0;c(17.3073, 60.03737);0,211
0;c(18.13969, 59.957);0,393
0;c(17.9844, 60.26238);0,178
0;c(15.49194, 57.97655);0,106
0;c(17.58838, 59.04626);0,062
0;c(16.46868, 59.34509);0,42
0;c(18.77677, 59.28316);0,182
0;c(17.608, 60.5637);0,341
0;c(17.64919, 58.94019);0,195
0;c(13.42766, 58.5731);0,154
0;c(17.40477, 59.04253);0,063
0;c(17.62715, 59.04574);0,012
0;c(17.70496, 58.99933);0,042
0;c(17.33186, 59.04643);0,047
0;c(17.57713, 58.97191);0,016
0;c(16.7773, 59.3224);0,305
0;c(16.84032, 59.0283);0,337
0;c(15.54243, 58.07685);0,106
0;c(16.12493, 57.84364);0,167
0;c(16.95991, 58.6773);0,075
0;c(15.54243, 58.07685);0,106
0;c(15.54359, 57.96348);0,33
0;c(17.64335, 58.98588);0,043
0;c(17.38486, 59.98335);0,204
0;c(18.64228, 59.52332);0,098
0;c(17.59634, 59.22063);0,239
0;c(12.26363, 59.57293);0,749
0;c(17.60835, 59.05287);0,062
0;c(15.81644, 57.88057);0,102
0;c(17.63754, 58.96567);0,043
0;c(13.21027, 63.40709);0,923
0;c(16.32389, 59.13866);0,109
0;c(12.65167, 60.21522);0,609
0;c(14.7218, 63.16974);0,626
0;c(12.51653, 59.07699);0,429
0;c(16.52084, 56.74264);0,487
0;c(17.608, 60.5637);0,341
0;c(15.8067, 57.87731);0,102
0;c(17.23202, 58.75124);0,091
0;c(15.27513, 58.18566);0,261
0;c(15.29093, 58.15659);0,162
0;c(14.70469, 58.11796);0,149
0;c(15.8193, 57.85739);0,125
0;c(18.96173, 59.81503);0,61
0;c(17.35832, 59.0221);0,008
0;c(16.47912, 58.7514);0,313
0;c(11.99827, 59.19457);0,483
0;c(12.36047, 59.53557);0,647
0;c(18.23118, 60.29734);0,491
0;c(17.9844, 60.26238);0,178
0;c(12.58027, 58.91213);0,316
0;c(18.27181, 59.11122);0,169
0;c(14.75693, 63.14175);0,492
0;c(11.76217, 58.05007);1
0;c(17.50774, 59.12454);0,062
0;c(15.47558, 58.28641);0,201
0;c(16.07835, 59.09148);0,21
0;c(18.126, 60.13234);0,33
0;c(15.81663, 57.87907);0,102
0;c(17.6213, 59.09786);0,076
0;c(16.32426, 58.82454);0,231
0;c(18.93172, 59.87948);0,597
0;c(17.6457, 58.96476);0,043
0;c(13.2137, 63.40837);0,923
0;c(18.13969, 59.957);0,393
0;c(15.50178, 57.93655);0,226
0;c(17.87539, 59.46721);0,528
0;c(15.06531, 58.13197);0,209
0;c(12.61023, 59.32632);0,652
0;c(15.36062, 57.43928);0,256
0;c(15.75539, 57.93421);0,164
0;c(16.26743, 59.09338);0,442
0;c(18.46027, 63.16201);0,638
0;c(15.01777, 57.72694);0,114
0;c(12.77991, 57.3281);0,393
0;c(17.41486, 59.50683);0,254
0;c(17.30735, 60.03729);0,211
0;c(14.52188, 63.17208);0,863
0;c(17.55959, 59.08108);0,08
0;c(14.74836, 58.21222);0,113
0;c(13.39196, 55.65154);0,518
0;c(18.69585, 60.12169);0,301
0;c(17.69281, 59.07833);1
0;c(17.61376, 59.08474);0,076
0;c(18.20753, 59.57994);0,316
0;c(15.81774, 57.87965);0,102
0;c(15.75539, 57.93421);0,164
0;c(16.51535, 59.05697);0,27
0;c(16.83928, 59.14734);0,247
0;c(15.80545, 57.8791);0,102
0;c(17.65112, 59.03101);1
0;c(15.28483, 58.15898);0,162
0;c(17.54802, 58.97133);0,016
0;c(15.06703, 58.56598);0,351
0;c(17.40955, 58.81828);0,025
0;c(17.65308, 58.97782);0,043
0;c(17.57831, 59.22761);0,153
0;c(17.73958, 59.84092);0,131
0;c(17.5852, 59.22076);0,239
0;c(16.9122, 59.00971);0,188
0;c(18.06316, 59.69497);0,158
0;c(14.53607, 57.66501);0,382
0;c(18.2598, 62.84256);1
0;c(14.48881, 63.33795);0,163
0;c(17.38033, 59.98896);0,204
0;c(14.53192, 57.66486);0,382
0;c(17.62759, 58.96174);0,043
0;c(17.61463, 58.94975);0,175
0;c(17.21369, 58.91723);0,086
0;c(17.6674, 59.13659);0,124
0;c(17.54854, 58.97132);0,016
0;c(11.75089, 57.64747);0,45
0;c(17.68188, 59.10396);1
0;c(17.67761, 58.92554);0,172
0;c(17.65689, 58.92849);0,195
0;c(17.24563, 58.7632);0,091
0;c(18.61667, 59.56128);0,051
0;c(14.7467, 58.20862);0,113
0;c(17.87346, 59.18165);0,054
0;c(17.61427, 59.08177);0,062
0;c(14.36396, 59.75073);0,712
0;c(11.90721, 59.08507);0,253
0;c(17.59757, 60.63488);1
0;c(15.80555, 57.88016);0,102
0;c(18.39933, 59.63508);0,107
0;c(17.63728, 58.92604);0,195
0;c(15.4162, 58.07648);0,157
0;c(15.49457, 57.92649);0,143
0;c(17.36275, 59.02092);0,016
0;c(15.15924, 62.73042);0,772
0;c(14.92519, 57.83602);0,164
0;c(18.23118, 60.29734);0,491
0;c(16.92342, 59.11563);0,494
0;c(14.87095, 59.93621);0,492
0;c(18.76414, 60.05461);0,321
0;c(15.49457, 57.92649);0,143
0;c(17.50269, 59.1265);0,076
0;c(18.48464, 59.62964);0,036
0;c(17.59757, 60.63488);1
0;c(14.59951, 63.3694);0,255
0;c(17.16576, 62.49192);0,674
0;c(15.2813, 58.22146);0,171
0;c(15.40466, 58.06756);0,157
0;c(18.4002, 59.63512);0,107
0;c(17.6142, 59.04121);0,041
0;c(17.64854, 58.92165);0,195
0;c(16.96538, 58.67563);0,075
0;c(13.95704, 63.36382);0,663
0;c(16.1591, 59.1778);0,213
0;c(16.71256, 59.34512);0,272
0;c(15.30665, 58.38909);0,09
0;c(14.77547, 63.41658);0,883
0;c(16.07523, 60.47412);0,655
0;c(18.76414, 60.05461);0,321
0;c(16.10678, 59.1294);0,291
0;c(16.78622, 59.32232);0,305
0;c(18.39933, 59.63508);0,107
0;c(13.99928, 63.38438);0,626
0;c(14.88588, 57.86856);0,225
0;c(14.3174, 63.32192);0,006
0;c(16.83928, 59.14734);0,247
0;c(15.77032, 58.35733);0,119
0;c(16.30878, 62.29174);0,601
0;c(17.08209, 58.7573);0,068
0;c(14.07282, 58.10526);0,125
0;c(13.33066, 60.97996);0,679
0;c(16.1454, 59.04966);0,401
0;c(17.49431, 62.62783);0,588
0;c(15.36563, 58.28436);0,287
0;c(16.17215, 59.21386);0,258
0;c(16.14821, 59.20307);0,213
0;c(17.32197, 58.88893);0,051
0;c(15.69, 57.30232);0,215
0;c(16.15485, 59.03142);0,26
0;c(14.45202, 57.78408);0,474
0;c(13.33482, 60.99006);0,737
0;c(17.84366, 60.54732);0,42
0;c(15.69414, 57.82261);0,208
0;c(16.21701, 58.87651);0,363
0;c(14.60655, 63.25704);0,339
0;c(15.84756, 57.25837);0,218
0;c(14.07282, 58.10526);0,125
0;c(15.2813, 58.22146);0,171
0;c(16.36628, 59.27067);0,234
0;c(14.45099, 57.78424);0,474
0;c(14.88809, 59.27945);0,393
0;c(14.45191, 57.78332);0,474
0;c(15.34162, 57.82629);0,327
0;c(17.71131, 59.50261);0,337
0;c(14.9721, 57.91799);0,238
0;c(18.26244, 59.78131);0,169
0;c(18.75506, 59.9925);0,335
0;c(14.73792, 57.88794);0,13
0;c(16.7773, 59.3224);0,305
0;c(14.45094, 57.7839);0,474
0;c(15.76807, 57.21527);0,033
0;c(16.33497, 58.82652);0,235
0;c(18.24441, 59.81821);0,4
0;c(17.305, 58.83111);0,304
0;c(14.01002, 63.38388);0,702
0;c(16.14913, 59.04973);0,401
0;c(12.77991, 57.3281);0,393
0;c(15.12832, 57.67437);0,127
0;c(15.33663, 57.39277);0,319
0;c(16.27385, 58.59887);0,279
0;c(16.81477, 59.34482);0,52
0;c(14.84933, 60.4111);0,854
0;c(11.90589, 57.44339);1
0;c(15.02962, 57.5127);0,256
0;c(18.20526, 59.77626);0,41
0;c(15.42727, 58.20248);0,281
0;c(13.33262, 60.98002);0,679
0;c(14.78097, 63.41603);0,883
0;c(16.17164, 59.17639);0,249
0;c(16.25239, 59.31458);0,342
0;c(16.80163, 59.25039);0,138
0;c(18.10492, 60.27157);0,233
0;c(14.45259, 57.78358);0,474
0;c(14.60382, 63.36904);0,255
0;c(18.43256, 62.89171);0,279
0;c(14.90007, 57.86277);0,225
0;c(16.15443, 59.20525);0,213
0;c(16.47912, 58.7514);0,313
0;c(18.40058, 59.63546);0,107
0;c(13.02176, 56.06577);0,289
0;c(15.64683, 57.31305);0,116
0;c(16.26207, 58.87547);0,223
0;c(14.69576, 60.04257);0,636
0;c(17.6967, 59.08508);1
0;c(16.3383, 57.73584);0,255
0;c(14.88358, 58.14275);0,076
0;c(15.69, 57.8258);0,208
0;c(16.42202, 58.85552);0,259
0;c(15.26922, 58.31654);0,103
0;c(15.38855, 58.18507);0,263
0;c(15.2813, 58.22146);0,171
0;c(15.60885, 62.61195);0,554
0;c(13.62909, 58.19278);0,281
0;c(14.727, 58.16365);0,085
0;c(15.12491, 57.67296);0,125
0;c(18.23118, 60.29734);0,491
0;c(11.16746, 58.80542);0,847
0;c(18.43427, 62.89232);0,279
0;c(16.94224, 59.11882);0,494
0;c(14.50847, 58.61614);0,12
0;c(14.77856, 63.41632);0,883
0;c(16.74377, 59.31865);0,255
0;c(18.64228, 59.52332);0,098
0;c(13.34716, 60.96577);0,737
0;c(11.4846, 58.26265);1
0;c(18.24766, 59.79869);0,4
0;c(16.84541, 59.1536);0,247
0;c(16.17388, 59.06068);0,229
0;c(14.45099, 57.78424);0,474
0;c(15.42727, 58.20248);0,281
0;c(16.51363, 59.1642);0,22
0;c(16.97293, 59.27251);0,338
0;c(17.24563, 58.7632);0,091
0;c(16.66554, 59.34472);0,369
0;c(17.12758, 58.95759);0,061
0;c(18.48464, 59.62964);0,036
0;c(14.04111, 63.3731);0,695
0;c(13.59291, 58.04787);0,141
0;c(14.71987, 58.1107);0,112
0;c(16.84032, 59.0283);0,337
0;c(16.10292, 59.33021);0,388
0;c(17.37636, 59.98551);0,204
0;c(15.12491, 57.67296);0,125
0;c(17.3073, 60.03737);0,211
0;c(18.12736, 60.1336);0,33
0;c(14.85553, 57.86906);0,491
0;c(11.53563, 57.97332);1
0;c(16.07486, 59.80197);0,599
0;c(18.126, 60.13234);0,33
0;c(16.25783, 58.94909);0,361
0;c(18.44676, 62.87832);0,641
0;c(17.87539, 59.46721);0,528
0;c(18.86379, 59.90191);0,389
0;c(16.98994, 58.74251);0,307
0;c(17.38486, 59.98335);0,204
0;c(17.2432, 60.11416);0,218
0;c(14.88358, 58.14275);0,076
0;c(17.26217, 62.2464);0,607
0;c(15.53552, 56.65014);0,324
0;c(18.79665, 59.93294);0,327
0;c(14.89745, 63.07449);0,703
0;c(18.44951, 60.12298);0,506
0;c(18.74254, 59.98028);0,327
0;c(16.13395, 59.07454);0,401
0;c(14.45202, 57.78408);0,474
0;c(18.2055, 59.77738);0,41
0;c(18.87233, 59.95442);0,36
0;c(15.81109, 58.33059);0,144
0;c(18.49103, 59.63067);0,036
0;c(16.26844, 59.09359);0,442
0;c(17.87346, 59.18165);0,054
0;c(14.45259, 57.78358);0,474
0;c(16.90556, 59.18757);0,189
0;c(15.39651, 58.21975);0,47
0;c(14.45202, 57.78408);0,474
0;c(18.01312, 59.65167);0,138
0;c(18.74258, 59.98031);0,327
0;c(16.51535, 59.05697);0,27
0;c(18.40367, 60.20198);0,219
0;c(18.42636, 60.20147);0,619
0;c(17.64788, 59.57119);0,191
0;c(15.01777, 57.72694);0,114
0;c(16.36259, 58.83016);0,235
0;c(17.00829, 59.33034);0,187
0;c(18.75506, 59.9925);0,335
0;c(16.06211, 59.1833);0,198
0;c(18.23118, 60.29734);0,491
0;c(16.73597, 59.3174);0,255
0;c(13.34775, 60.96383);0,737
0;c(16.33661, 57.73496);0,255
0;c(12.33647, 58.94659);0,211
0;c(16.96527, 58.67563);0,075
0;c(18.13969, 59.957);0,393
0;c(11.54274, 58.05906);0,315
0;c(15.15791, 61.13184);0,679
0;c(18.40367, 60.20198);0,219
0;c(18.19333, 59.95984);0,349
0;c(16.72359, 58.45085);0,347
0;c(14.45259, 57.78358);0,474
0;c(17.26173, 58.7587);0,096
0;c(16.86725, 59.33157);0,404
0;c(18.25184, 60.22735);0,47
0;c(14.93066, 57.78356);0,21
0;c(16.07835, 59.09148);0,21
0;c(17.21369, 58.91723);0,086
0;c(13.59239, 58.0466);0,141
0;c(18.78633, 59.92835);0,285
0;c(15.05243, 63.41785);0,543
0;c(14.88609, 57.78696);0,248
0;c(18.8342, 59.95376);0,36
0;c(17.19655, 58.74579);0,098
0;c(17.24327, 60.11414);0,218
0;c(16.25236, 59.05032);0,294
0;c(17.37844, 59.98731);0,204
0;c(16.37127, 59.26162);0,234
0;c(14.84129, 59.95777);0,182
0;c(14.10594, 58.41807);0,2
0;c(18.23565, 59.73702);0,271
0;c(16.16932, 59.21335);0,258
0;c(16.78007, 58.51936);0,139
0;c(18.44106, 60.28811);0,6
0;c(14.88534, 57.78794);0,248
0;c(18.13827, 59.77582);0,44
0;c(12.51053, 59.21724);0,642
0;c(16.22961, 56.90655);0,144
0;c(18.86409, 59.90228);0,389
0;c(17.64695, 58.9722);0,043
0;c(16.86276, 58.94791);0,3
0;c(14.50826, 58.61698);0,12
0;c(14.65903, 63.23273);0,492
0;c(12.71208, 56.46911);1
0;c(17.26272, 58.75852);0,096
0;c(14.47048, 57.68634);0,407
0;c(17.40955, 58.81828);0,025
0;c(16.37232, 59.26035);0,234
0;c(18.75506, 59.9925);0,335
0;c(13.90897, 63.3965);0,467
0;c(17.30624, 60.03738);0,211
0;c(13.69649, 57.34724);0,078
0;c(14.51777, 58.61647);0,12
0;c(15.60885, 62.61195);0,554
0;c(14.84957, 60.41137);0,854
0;c(14.45191, 57.78332);0,474
0;c(18.42349, 60.20155);0,619
0;c(18.19335, 59.96009);0,349
0;c(18.3639, 59.91419);0,434
0;c(16.22209, 58.90877);0,363
0;c(16.92342, 59.11563);0,494
0;c(17.80482, 62.5409);0,266
0;c(18.42636, 60.20147);0,619
0;c(14.52028, 63.35496);0,365
0;c(18.36498, 59.91097);0,434
0;c(14.7665, 61.15956);0,853
0;c(13.39092, 55.65152);0,518
0;c(15.16294, 58.31241);0,164
0;c(15.96218, 62.59224);0,531
0;c(14.70469, 58.11796);0,149
0;c(16.34672, 58.88731);0,166
0;c(17.24791, 60.11495);0,218
0;c(15.61059, 62.61106);0,554
0;c(18.25184, 60.22736);0,47
0;c(14.93274, 58.30601);0,124
0;c(17.64781, 59.57106);0,191
0;c(16.46756, 59.34499);0,42
0;c(18.95576, 59.81358);0,465
0;c(18.74258, 59.98031);0,327
0;c(16.19117, 59.0016);0,416
0;c(15.23586, 58.0816);0,348
0;c(16.95991, 58.6773);0,075
0;c(16.73724, 59.33166);0,255
0;c(14.45087, 57.78399);0,474
0;c(15.3636, 58.28457);0,287
0;c(17.23202, 58.75124);0,091
0;c(16.74809, 59.35733);0,272
0;c(15.0657, 60.2235);0,717
0;c(14.93014, 57.78286);0,21
0;c(16.26207, 58.87547);0,223
0;c(16.25178, 58.88112);0,223
0;c(18.10467, 60.27217);0,233
0;c(15.61041, 62.61128);0,554
0;c(14.50732, 58.61731);0,12
0;c(18.4478, 59.98927);0,451
0;c(16.9122, 59.00971);0,188
0;c(15.33543, 57.82721);0,327
0;c(16.69373, 59.32828);0,306
0;c(15.24114, 59.37113);0,193
0;c(15.37673, 58.18092);0,263
0;c(16.32426, 58.82454);0,231
0;c(17.46944, 58.76014);1
0;c(13.39196, 55.65154);0,518
0;c(16.22086, 58.90927);0,363
0;c(18.4002, 59.63512);0,107
0;c(13.69845, 58.28305);0,124
0;c(18.31571, 59.88992);0,432
0;c(17.88794, 60.55562);0,405
0;c(18.69585, 60.12169);0,301
0;c(15.5969, 62.59134);0,554
0;c(17.22701, 58.75278);0,091
0;c(18.44106, 60.28811);0,6
0;c(16.8172, 58.97091);0,478
0;c(14.45087, 57.78399);0,474
0;c(16.83634, 59.32616);0,404
0;c(17.24327, 60.11414);0,218
0;c(16.90912, 59.26137);0,199
0;c(18.43374, 60.12434);0,117
0;c(16.21994, 58.90905);0,363
0;c(18.5204, 59.74403);0,122
0;c(16.42202, 58.85552);0,259
0;c(16.34693, 58.88703);0,166
0;c(14.87095, 59.93621);0,492
0;c(17.37844, 59.98731);0,204
0;c(17.6967, 59.08508);1
0;c(14.45099, 57.78424);0,474
0;c(16.96527, 58.67563);0,075
0;c(16.85449, 58.94906);0,3
0;c(14.45094, 57.7839);0,474
0;c(18.74352, 59.97795);0,327
0;c(18.01343, 60.16143);0,271
0;c(15.69313, 58.32244);0,241
0;c(14.75693, 63.14175);0,492
0;c(17.40886, 58.79476);0,025
0;c(18.13969, 59.957);0,393
0;c(18.13969, 59.957);0,393
0;c(18.24964, 59.79382);0,4
0;c(18.4489, 60.12326);0,506
0;c(17.37642, 59.98553);0,204
0;c(18.78626, 59.92836);0,285
0;c(16.96208, 58.67557);0,075
0;c(15.78751, 57.59526);0,367
0;c(18.01359, 60.16147);0,271
0;c(18.44992, 60.12458);0,506
0;c(16.30684, 58.88078);0,164
0;c(17.84366, 60.54732);0,42
0;c(14.45191, 57.78332);0,474
0;c(14.45094, 57.7839);0,474
0;c(18.81806, 60.10649);0,149
0;c(14.70871, 63.10516);0,684
0;c(11.69613, 57.99425);1
0;c(15.2193, 58.1034);0,367
0;c(18.12736, 60.1336);0,33
0;c(18.19346, 59.96277);0,349
0;c(16.17164, 59.17639);0,249
0;c(14.45087, 57.78399);0,474
0;c(13.3329, 60.97973);0,679
0;c(14.75397, 60.17748);0,751
0;c(18.3161, 59.89005);0,432
0;c(11.75266, 58.07327);1
0;c(16.22389, 58.90997);0,363
0;c(14.96213, 58.24202);0,323
0;c(18.07894, 59.62183);0,182
0;c(13.62909, 58.19278);0,281
0;c(17.58135, 60.57458);0,617
0;c(11.75028, 57.64768);0,45
0;c(14.59951, 63.3694);0,255
0;c(15.33932, 57.82825);0,327
0;c(16.80869, 59.37153);0,52
0;c(18.74659, 59.93808);0,278
0;c(15.44223, 58.87978);0,319
0;c(18.126, 60.13234);0,33
0;c(17.24727, 60.11429);0,218
0;c(11.54927, 58.06308);0,315
0;c(16.17578, 59.17242);0,249
0;c(14.10593, 58.41807);0,2
0;c(16.30793, 58.87073);0,297
0;c(18.44681, 62.87831);0,641
0;c(13.94698, 55.96191);0,181
0;c(13.36322, 55.6982);0,539
0;c(17.38475, 59.98334);0,204
0;c(18.25415, 60.22656);0,47
0;c(15.07002, 58.31498);0,198
0;c(18.25284, 60.22691);0,47
0;c(13.63946, 58.13137);0,285
0;c(16.46253, 58.98111);0,216
0;c(16.88541, 59.28813);0,199
0;c(18.86409, 59.90228);0,389
0;c(14.8613, 59.93381);0,492
0;c(14.54523, 57.62827);0,349
0;c(18.47524, 60.27875);0,296
